filename,prediction,confidence
177127.png,pool,0.9689
178214.png,pool,0.8493
177641.png,no_pool,0.9374
177133.png,pool,0.846
178228.png,no_pool,0.9181
158846.png,no_pool,0.9617
149793.png,no_pool,1.0
149787.png,no_pool,0.9465
179122.png,no_pool,0.9068
157552.png,no_pool,0.7574
179863.png,no_pool,0.9997
157546.png,pool,0.7705
151137.png,no_pool,0.6243
180578.png,no_pool,1.0
180236.png,pool,0.8973
177866.png,pool,0.9974
149750.png,pool,0.9999
157793.png,pool,0.9997
176985.png,no_pool,0.5026
160659.png,no_pool,0.9999
207108.png,no_pool,0.998
177331.png,no_pool,0.8583
157787.png,pool,0.9945
177457.png,no_pool,0.9997
176761.png,pool,0.8846
179452.png,no_pool,1.0
160665.png,no_pool,0.9995
179320.png,no_pool,0.9061
160671.png,no_pool,0.8625
176775.png,no_pool,0.5174
151321.png,no_pool,0.9999
146885.png,no_pool,0.9983
177480.png,no_pool,0.8534
155621.png,no_pool,0.9997
150759.png,no_pool,0.8653
150981.png,no_pool,0.9992
151447.png,no_pool,1.0
147231.png,no_pool,0.9958
151453.png,no_pool,0.9593
155635.png,pool,0.6993
146649.png,no_pool,0.7373
151335.png,no_pool,0.9701
146891.png,no_pool,0.8644
176952.png,pool,0.9505
154265.png,no_pool,0.9678
146661.png,no_pool,0.9368
150003.png,no_pool,0.999
150765.png,no_pool,0.8175
154503.png,no_pool,0.9977
150771.png,no_pool,0.8643
179485.png,no_pool,1.0
157778.png,pool,0.9893
150017.png,pool,0.999
154271.png,no_pool,0.9957
180801.png,pool,0.5318
176629.png,no_pool,0.9998
177537.png,pool,0.9996
177251.png,pool,0.6863
177245.png,no_pool,0.5003
179268.png,no_pool,0.9931
177523.png,no_pool,1.0
176615.png,pool,0.9078
176832.png,no_pool,0.8626
151255.png,pool,0.998
158271.png,no_pool,0.9935
177292.png,no_pool,0.5524
160922.png,no_pool,0.9994
177286.png,pool,0.62
158265.png,pool,0.9983
150639.png,no_pool,0.7793
180168.png,no_pool,0.9722
176826.png,pool,0.9944
158503.png,no_pool,0.9986
151269.png,pool,0.9998
180154.png,pool,0.8943
158259.png,no_pool,0.9386
145787.png,pool,0.5867
178360.png,no_pool,1.0
177735.png,no_pool,0.5933
149803.png,no_pool,1.0
178406.png,pool,0.8643
153683.png,pool,0.9483
177721.png,no_pool,0.8903
178412.png,no_pool,0.9962
145793.png,pool,0.9422
151916.png,pool,1.0
180381.png,no_pool,0.9997
177709.png,no_pool,0.9996
180395.png,no_pool,0.9733
179056.png,no_pool,0.9929
178348.png,no_pool,0.9998
177090.png,no_pool,1.0
153898.png,pool,1.0
177084.png,no_pool,0.5687
146271.png,no_pool,0.8292
146517.png,pool,0.6379
158729.png,no_pool,1.0
147609.png,no_pool,0.951
150375.png,pool,0.9978
150360.png,no_pool,0.8857
177907.png,pool,0.7617
150406.png,no_pool,1.0
146270.png,no_pool,0.9976
156063.png,no_pool,0.8635
150412.png,no_pool,0.9999
180343.png,pool,0.6404
152205.png,no_pool,1.0
147608.png,no_pool,0.9811
158728.png,no_pool,0.9853
146516.png,no_pool,0.9817
179916.png,pool,0.9997
147620.png,pool,0.9969
177085.png,pool,0.9788
177091.png,no_pool,0.9367
178349.png,pool,0.8726
180394.png,no_pool,0.9955
151917.png,no_pool,0.8827
177720.png,no_pool,0.585
145792.png,no_pool,0.9856
178361.png,no_pool,0.8319
145786.png,no_pool,0.9984
153682.png,pool,0.9909
179719.png,no_pool,1.0
151095.png,no_pool,0.9528
178407.png,no_pool,0.7908
177734.png,no_pool,0.8922
158258.png,no_pool,0.9934
180155.png,no_pool,0.8515
150162.png,no_pool,1.0
178822.png,no_pool,0.8555
151268.png,no_pool,0.8382
150176.png,no_pool,0.9999
180169.png,no_pool,0.9713
158264.png,pool,0.9998
158502.png,no_pool,0.9966
176827.png,no_pool,0.9993
151254.png,no_pool,0.7736
176833.png,pool,0.9659
177293.png,no_pool,0.9121
158270.png,no_pool,0.8451
155754.png,no_pool,0.988
179255.png,no_pool,0.9981
177278.png,no_pool,0.9428
178639.png,no_pool,0.9214
157802.png,no_pool,0.8335
176614.png,no_pool,0.6365
179241.png,no_pool,0.9171
179269.png,no_pool,0.9987
177244.png,pool,0.9836
177522.png,no_pool,1.0
177536.png,no_pool,0.798
176628.png,no_pool,1.0
180800.png,pool,0.8154
177250.png,pool,0.7665
150770.png,pool,0.7933
154516.png,no_pool,0.6872
154270.png,no_pool,0.938
150016.png,pool,0.9907
157779.png,pool,0.9904
179484.png,pool,0.9983
178942.png,pool,0.9995
150002.png,no_pool,0.8192
179490.png,no_pool,0.9805
178956.png,no_pool,0.9985
146660.png,pool,0.9808
154264.png,no_pool,0.9961
154502.png,no_pool,1.0
155634.png,pool,0.7701
150994.png,no_pool,0.997
176953.png,no_pool,0.7157
146890.png,no_pool,0.9338
151334.png,pool,0.7749
146648.png,no_pool,0.6199
177481.png,no_pool,0.7052
146884.png,pool,0.8743
151320.png,no_pool,0.7642
151446.png,no_pool,1.0
150980.png,no_pool,0.9998
150758.png,no_pool,0.9747
155620.png,no_pool,0.9904
176774.png,pool,0.608
176760.png,pool,0.685
160664.png,no_pool,0.8882
177330.png,no_pool,0.9248
207109.png,no_pool,0.9955
176990.png,no_pool,0.9967
177456.png,no_pool,0.9884
157786.png,pool,0.9475
176984.png,no_pool,0.9986
157792.png,pool,0.9998
435492.png,no_pool,0.9794
160658.png,no_pool,0.9604
151485.png,no_pool,0.9997
150566.png,no_pool,0.8103
180237.png,no_pool,0.8151
149751.png,no_pool,0.9433
177867.png,pool,0.9998
180579.png,no_pool,1.0
181667.png,pool,0.9919
151136.png,pool,0.9998
157547.png,no_pool,0.9857
179862.png,no_pool,0.9808
151122.png,no_pool,0.9194
157553.png,no_pool,0.786
153906.png,no_pool,1.0
180586.png,no_pool,1.0
149786.png,no_pool,0.8709
178229.png,no_pool,0.8273
149792.png,no_pool,1.0
158847.png,pool,0.9975
177654.png,no_pool,0.8107
177132.png,no_pool,0.8588
178215.png,pool,0.9898
177126.png,pool,0.9187
178573.png,pool,0.905
177640.png,no_pool,0.9294
177130.png,pool,0.9745
161034.png,pool,0.9999
178217.png,no_pool,1.0
177124.png,no_pool,0.9993
180584.png,pool,0.9999
153904.png,no_pool,1.0
158845.png,pool,1.0
160302.png,pool,1.0
179860.png,no_pool,0.9995
157545.png,pool,0.9085
151134.png,pool,0.5516
155352.png,no_pool,0.9999
181665.png,pool,0.6273
155346.png,no_pool,0.9999
179874.png,no_pool,0.9851
157551.png,no_pool,0.7421
177859.png,no_pool,0.9768
150558.png,no_pool,0.8082
180209.png,no_pool,0.998
180221.png,no_pool,1.0
159554.png,pool,0.7471
179848.png,no_pool,0.6662
177865.png,pool,0.9947
149753.png,no_pool,0.8656
180235.png,no_pool,0.7374
150564.png,no_pool,0.7182
177454.png,no_pool,0.9972
157784.png,pool,0.8672
179479.png,no_pool,0.9784
177332.png,pool,0.9949
151487.png,no_pool,1.0
177326.png,no_pool,0.9089
157790.png,pool,0.9962
176986.png,no_pool,0.8353
177468.png,no_pool,0.9999
178983.png,no_pool,0.9818
176776.png,pool,0.8653
160672.png,no_pool,0.9765
207123.png,pool,1.0
160666.png,no_pool,0.9983
146879.png,pool,0.9482
179451.png,no_pool,0.9686
176762.png,no_pool,0.7567
151336.png,no_pool,1.0
146892.png,no_pool,1.0
150028.png,pool,0.5476
151450.png,no_pool,0.9117
155636.png,pool,0.5026
154528.png,no_pool,0.9891
155622.png,pool,0.9948
150982.png,no_pool,0.9686
151444.png,no_pool,0.9649
151322.png,no_pool,0.8709
178968.png,no_pool,0.9904
177483.png,pool,0.8508
146886.png,no_pool,0.9969
176945.png,no_pool,0.9981
178940.png,no_pool,0.9391
179486.png,no_pool,1.0
178798.png,no_pool,0.9415
150014.png,no_pool,0.9951
154272.png,no_pool,0.9999
154514.png,no_pool,0.9949
150772.png,no_pool,0.9995
150766.png,no_pool,0.9775
154500.png,no_pool,0.9998
180037.png,no_pool,1.0
154266.png,no_pool,0.9545
146662.png,pool,0.9986
179492.png,no_pool,0.9964
176979.png,pool,0.9916
177520.png,no_pool,1.0
177246.png,pool,0.9337
177252.png,pool,0.6042
153482.png,no_pool,0.9992
177534.png,no_pool,0.621
160048.png,no_pool,0.9992
178149.png,no_pool,0.7802
179257.png,no_pool,0.9949
179243.png,no_pool,0.9747
176616.png,pool,0.806
157800.png,pool,0.979
177508.png,no_pool,0.9989
176825.png,no_pool,0.9958
158500.png,no_pool,0.8399
178808.png,no_pool,0.7458
158266.png,pool,0.8239
158272.png,no_pool,0.9682
177291.png,pool,0.5993
150148.png,no_pool,0.9959
158514.png,no_pool,1.0
179280.png,no_pool,0.9915
150174.png,no_pool,0.9912
178820.png,no_pool,0.9517
146299.png,no_pool,0.8631
160538.png,no_pool,0.9921
145790.png,no_pool,0.9999
178411.png,no_pool,1.0
177722.png,pool,0.9995
178405.png,pool,0.966
177736.png,no_pool,0.8172
151097.png,no_pool,0.9866
153680.png,no_pool,0.9071
145784.png,no_pool,0.9976
177078.png,pool,0.8031
179041.png,no_pool,0.9569
151915.png,pool,0.9999
180369.png,no_pool,1.0
150438.png,no_pool,0.996
177087.png,no_pool,0.8242
147622.png,pool,0.8684
154138.png,no_pool,0.9827
160289.png,no_pool,1.0
177093.png,no_pool,0.9418
150362.png,no_pool,0.666
146514.png,pool,0.9488
150376.png,pool,0.8487
152207.png,no_pool,0.9995
180341.png,pool,0.999
150410.png,no_pool,0.9987
146272.png,no_pool,1.0
150377.png,pool,0.8681
146515.png,no_pool,0.9272
146273.png,no_pool,0.9986
180340.png,no_pool,0.995
152206.png,no_pool,0.9983
180354.png,no_pool,0.5199
178389.png,pool,0.9834
179929.png,no_pool,0.9271
160288.png,no_pool,0.9943
146529.png,no_pool,0.8717
181062.png,pool,0.993
177092.png,no_pool,0.6205
177086.png,pool,0.9951
154139.png,no_pool,0.9855
179915.png,pool,0.9998
180383.png,no_pool,0.9978
151914.png,pool,1.0
179040.png,no_pool,0.7939
177079.png,no_pool,0.9978
153681.png,no_pool,0.5689
151096.png,no_pool,0.9977
149801.png,no_pool,0.9997
177737.png,pool,0.5652
178404.png,no_pool,0.5833
178362.png,no_pool,0.9998
145785.png,no_pool,1.0
145791.png,no_pool,1.0
160539.png,no_pool,0.9914
146298.png,no_pool,0.7004
177723.png,pool,1.0
149815.png,no_pool,0.9997
178410.png,no_pool,0.9991
425709.png,pool,0.909
178821.png,no_pool,0.9999
150175.png,no_pool,0.9616
182027.png,pool,0.8874
180156.png,pool,0.9983
177290.png,no_pool,0.9997
158273.png,no_pool,0.7565
176830.png,no_pool,0.996
150149.png,no_pool,0.9999
178809.png,no_pool,0.9874
158501.png,no_pool,0.9993
176824.png,pool,0.9494
155743.png,no_pool,0.8834
158267.png,no_pool,0.9581
179242.png,no_pool,1.0
177509.png,no_pool,0.9999
157801.png,pool,0.8275
176617.png,pool,0.9487
179256.png,no_pool,0.9841
178148.png,no_pool,0.8789
177535.png,no_pool,0.7568
177521.png,no_pool,0.9844
177247.png,pool,1.0
154501.png,no_pool,0.9999
151479.png,no_pool,0.6884
150767.png,no_pool,0.8947
150001.png,no_pool,0.9581
176978.png,pool,0.9898
178955.png,no_pool,0.9983
146663.png,no_pool,0.6623
154267.png,no_pool,0.9706
154273.png,no_pool,0.8675
150015.png,pool,0.552
178799.png,no_pool,0.872
179487.png,no_pool,0.9996
178941.png,pool,0.9997
150773.png,no_pool,0.597
151445.png,no_pool,0.9989
150983.png,no_pool,0.9592
155623.png,pool,1.0
146887.png,pool,0.9999
177482.png,no_pool,1.0
178969.png,no_pool,0.9991
151323.png,pool,0.6386
150029.png,no_pool,0.9975
146893.png,no_pool,0.9994
176788.png,no_pool,0.7064
151337.png,no_pool,0.9973
155637.png,no_pool,0.7049
151451.png,no_pool,0.9979
150997.png,no_pool,0.9964
147233.png,no_pool,0.9443
160667.png,no_pool,1.0
179450.png,no_pool,0.5443
146878.png,pool,0.9946
176777.png,pool,0.8752
177469.png,pool,0.9998
160673.png,no_pool,0.9848
176987.png,no_pool,0.9966
157791.png,pool,0.9999
179478.png,no_pool,1.0
157785.png,pool,0.9904
177455.png,pool,0.9921
177333.png,no_pool,0.9975
149752.png,no_pool,1.0
177864.png,no_pool,0.6386
179849.png,no_pool,0.9599
180220.png,no_pool,0.7055
177870.png,no_pool,0.9976
177858.png,no_pool,0.9733
182379.png,no_pool,0.7787
157550.png,no_pool,0.983
180208.png,no_pool,0.9847
181664.png,pool,0.9735
151135.png,no_pool,0.7233
157544.png,pool,0.9905
179861.png,no_pool,0.9983
160303.png,pool,1.0
153905.png,no_pool,1.0
180585.png,no_pool,1.0
158850.png,no_pool,0.8948
177125.png,no_pool,0.5778
178216.png,pool,0.8722
177131.png,no_pool,0.8446
161035.png,no_pool,0.8257
158854.png,no_pool,0.9994
153901.png,no_pool,0.9193
177109.png,pool,0.7336
153915.png,no_pool,0.9333
149795.png,no_pool,0.9951
160307.png,no_pool,1.0
158868.png,no_pool,0.9532
177653.png,no_pool,0.9549
177135.png,pool,0.9903
178212.png,no_pool,0.9019
177647.png,no_pool,1.0
179859.png,no_pool,0.9971
149742.png,no_pool,0.6843
180224.png,no_pool,0.8845
177860.png,no_pool,0.9786
179865.png,no_pool,0.9994
177848.png,pool,0.7009
155357.png,pool,0.9999
155343.png,no_pool,1.0
157554.png,no_pool,0.8118
151125.png,no_pool,0.947
146868.png,no_pool,0.619
176773.png,pool,0.6695
178986.png,pool,0.8536
177479.png,pool,0.5205
150978.png,no_pool,0.9974
160663.png,no_pool,0.9702
177337.png,pool,0.9189
176997.png,no_pool,0.8984
177451.png,no_pool,0.9999
146854.png,no_pool,0.9998
157781.png,pool,0.9958
154288.png,pool,0.9998
176983.png,no_pool,1.0
157795.png,pool,0.9999
179468.png,no_pool,1.0
154511.png,pool,0.5288
179483.png,pool,0.9987
150011.png,no_pool,0.9909
154277.png,pool,0.627
154263.png,no_pool,0.9774
146667.png,pool,0.7714
150005.png,no_pool,0.9035
178789.png,no_pool,0.9999
154505.png,no_pool,0.994
157024.png,no_pool,0.9768
147237.png,pool,0.6466
439278.png,no_pool,0.9762
151455.png,pool,0.7062
150993.png,no_pool,1.0
155633.png,pool,0.5401
151333.png,pool,0.9972
176954.png,pool,0.9896
146897.png,pool,0.9999
176798.png,no_pool,0.5886
151327.png,pool,1.0
150039.png,no_pool,0.9781
177486.png,no_pool,0.9575
155627.png,pool,0.9529
151441.png,no_pool,0.9631
150987.png,no_pool,0.9869
179252.png,no_pool,0.6007
177519.png,pool,0.9087
176613.png,no_pool,0.8941
179246.png,pool,0.9999
147380.png,no_pool,0.8425
177243.png,pool,0.9991
177525.png,no_pool,0.5554
178616.png,no_pool,0.5093
177257.png,pool,0.7614
407235.png,no_pool,0.9929
180152.png,no_pool,0.998
150165.png,no_pool,1.0
182023.png,pool,0.9998
158263.png,pool,0.7486
155747.png,no_pool,0.7062
158505.png,pool,0.9999
176820.png,pool,0.9084
158511.png,no_pool,0.9979
176834.png,pool,0.5709
151253.png,no_pool,0.9653
178819.png,pool,0.9923
155753.png,no_pool,0.9993
151535.png,no_pool,1.0
158277.png,pool,0.9998
180393.png,no_pool,0.9996
179050.png,no_pool,0.8998
180387.png,no_pool,0.9979
181927.png,no_pool,0.9961
179722.png,no_pool,0.9986
177727.png,no_pool,0.6311
177041.png,no_pool,0.9034
145781.png,no_pool,1.0
146288.png,pool,0.9513
160529.png,no_pool,0.9983
178400.png,no_pool,0.7451
177733.png,no_pool,0.7493
149805.png,no_pool,1.0
153685.png,pool,0.8476
181728.png,pool,0.941
159425.png,pool,1.0
150401.png,no_pool,0.9287
146277.png,no_pool,0.5625
156064.png,no_pool,0.6568
159431.png,no_pool,0.9887
177914.png,no_pool,0.9065
146539.png,pool,0.9357
147627.png,pool,0.6616
177082.png,no_pool,1.0
177096.png,no_pool,0.9965
180379.png,no_pool,0.9985
150428.png,no_pool,0.9937
177097.png,no_pool,1.0
147626.png,pool,0.9802
146538.png,no_pool,0.8461
177083.png,pool,0.9606
156065.png,no_pool,0.8399
146276.png,pool,0.6385
150414.png,no_pool,0.9962
180345.png,no_pool,0.6448
159430.png,no_pool,0.9944
150366.png,no_pool,0.9733
181729.png,pool,0.5817
180351.png,no_pool,0.9318
150400.png,no_pool,0.9799
160528.png,no_pool,0.9742
178367.png,pool,0.6623
146289.png,no_pool,0.7238
145780.png,no_pool,0.9995
153684.png,pool,0.9905
149804.png,no_pool,1.0
177732.png,pool,0.8268
178401.png,no_pool,0.9999
177726.png,pool,0.9493
178415.png,no_pool,1.0
145794.png,pool,0.9667
177040.png,pool,0.6513
154869.png,no_pool,0.7778
179045.png,no_pool,0.9873
179723.png,no_pool,0.9456
180392.png,no_pool,0.9994
178818.png,pool,0.5196
151252.png,no_pool,0.9313
176835.png,pool,0.9308
158510.png,no_pool,0.7175
158276.png,pool,0.9563
146048.png,no_pool,0.9526
155752.png,no_pool,0.9997
155746.png,pool,0.9227
158262.png,no_pool,0.9892
158504.png,pool,0.9881
180147.png,pool,0.926
150602.png,no_pool,0.9408
180153.png,no_pool,0.9977
407234.png,pool,0.9999
177256.png,pool,0.7306
178171.png,pool,1.0
177242.png,pool,0.8508
178617.png,no_pool,0.6351
177524.png,no_pool,0.5345
176612.png,no_pool,0.9899
179247.png,pool,0.9186
179253.png,pool,0.8477
177518.png,pool,0.7139
177487.png,no_pool,0.9999
176799.png,no_pool,0.638
150986.png,no_pool,0.8407
151440.png,no_pool,0.9536
155626.png,pool,0.9958
155632.png,no_pool,0.7823
150992.png,no_pool,0.7337
151454.png,no_pool,0.9953
147236.png,pool,0.9172
146896.png,no_pool,0.9999
176955.png,pool,0.8538
151332.png,pool,0.9995
150004.png,no_pool,0.9208
146666.png,no_pool,0.8448
179496.png,no_pool,0.9991
154262.png,no_pool,0.9992
154504.png,no_pool,0.9983
150776.png,no_pool,0.9966
154510.png,no_pool,0.8239
154276.png,pool,0.9802
150010.png,no_pool,0.856
176969.png,pool,0.9853
179482.png,no_pool,0.9977
179469.png,no_pool,0.6525
157794.png,pool,0.9984
176982.png,no_pool,1.0
151483.png,no_pool,1.0
177336.png,no_pool,0.8357
157780.png,pool,1.0
146855.png,no_pool,0.9997
178993.png,no_pool,0.965
177478.png,no_pool,0.5531
160662.png,no_pool,0.972
150979.png,no_pool,0.9338
178039.png,pool,0.9806
178987.png,no_pool,1.0
176772.png,pool,0.9066
146869.png,no_pool,0.9634
179870.png,no_pool,0.9946
157555.png,pool,0.6214
155356.png,pool,0.998
151130.png,no_pool,1.0
177849.png,no_pool,0.9052
179864.png,no_pool,0.9997
150548.png,no_pool,0.995
151656.png,no_pool,0.5711
180219.png,no_pool,0.9929
150560.png,no_pool,0.9812
181649.png,pool,0.5185
177861.png,no_pool,0.9322
149743.png,no_pool,0.7235
179858.png,no_pool,0.9998
180225.png,no_pool,0.9921
147008.png,no_pool,1.0
178213.png,pool,0.9956
177652.png,no_pool,0.6087
177134.png,pool,0.9103
160306.png,no_pool,0.9999
153914.png,no_pool,0.9552
153900.png,pool,0.9979
180580.png,no_pool,0.9935
158855.png,no_pool,0.9999
177108.png,pool,1.0
153916.png,no_pool,0.9584
182381.png,no_pool,1.0
160304.png,pool,0.9851
158857.png,no_pool,0.9922
180582.png,no_pool,1.0
153902.png,no_pool,0.9978
177122.png,pool,0.6671
178211.png,no_pool,0.6006
177136.png,pool,0.6437
177888.png,no_pool,0.9984
161032.png,pool,0.9999
177650.png,pool,0.8578
150562.png,no_pool,0.9778
180227.png,no_pool,0.9963
149741.png,no_pool,0.5245
177877.png,pool,0.5268
180569.png,no_pool,0.8576
157557.png,pool,0.9991
179872.png,no_pool,0.9849
151126.png,pool,0.994
157543.png,no_pool,0.9457
179866.png,no_pool,0.9993
155354.png,no_pool,0.9986
181663.png,no_pool,0.9754
207125.png,pool,1.0
179331.png,no_pool,0.9429
160660.png,no_pool,0.9992
158499.png,no_pool,1.0
176770.png,pool,0.8325
178985.png,no_pool,0.9948
160674.png,no_pool,0.9944
151481.png,no_pool,1.0
152188.png,no_pool,1.0
176980.png,no_pool,0.9999
157796.png,pool,0.9998
176758.png,no_pool,0.9769
157782.png,pool,0.9978
177452.png,pool,0.7055
179319.png,no_pool,0.9979
160648.png,no_pool,0.9886
177334.png,pool,0.9639
150760.png,no_pool,0.9937
155618.png,no_pool,0.879
154506.png,no_pool,0.7987
154260.png,pool,0.8653
179494.png,pool,0.991
151318.png,no_pool,0.9999
146664.png,no_pool,0.8281
150006.png,no_pool,0.9705
179480.png,no_pool,0.9971
150012.png,pool,0.8954
154274.png,pool,0.6688
154512.png,no_pool,0.9928
150774.png,no_pool,0.7845
155624.png,pool,1.0
150984.png,no_pool,1.0
146658.png,no_pool,0.9298
151324.png,no_pool,0.7871
146880.png,pool,0.7763
177485.png,no_pool,0.9958
176957.png,pool,0.5214
146894.png,no_pool,1.0
147234.png,pool,0.9635
151456.png,pool,0.9252
155630.png,no_pool,0.7197
179245.png,pool,1.0
179537.png,pool,0.8459
178629.png,pool,0.5152
179251.png,no_pool,0.7856
177254.png,no_pool,0.915
176638.png,no_pool,0.6745
177240.png,no_pool,0.8085
150172.png,no_pool,1.0
150166.png,no_pool,1.0
181529.png,no_pool,0.7106
150600.png,pool,0.9995
155750.png,no_pool,0.9874
158274.png,no_pool,0.9899
158512.png,no_pool,0.9998
176837.png,pool,0.9391
151250.png,no_pool,0.8553
158506.png,pool,0.9947
177283.png,no_pool,0.9944
158260.png,no_pool,0.9532
155744.png,pool,0.9804
181924.png,no_pool,0.8557
179721.png,no_pool,0.9979
178359.png,no_pool,1.0
151913.png,pool,1.0
207253.png,no_pool,0.9131
180390.png,no_pool,0.9998
177718.png,no_pool,0.5869
177730.png,pool,1.0
178403.png,pool,0.6684
145782.png,pool,0.597
177042.png,pool,0.7685
149812.png,no_pool,1.0
177724.png,pool,0.9995
178417.png,pool,0.5301
150370.png,no_pool,0.9483
153679.png,no_pool,0.9927
181059.png,no_pool,0.8361
150416.png,no_pool,0.9986
146274.png,no_pool,0.9013
156067.png,no_pool,0.9998
150402.png,pool,0.5921
145769.png,no_pool,0.9995
207284.png,no_pool,0.981
180353.png,no_pool,0.9996
159426.png,no_pool,0.6308
147618.png,pool,1.0
150364.png,no_pool,0.9975
177095.png,no_pool,0.9803
177081.png,no_pool,1.0
150358.png,no_pool,0.9445
177080.png,no_pool,1.0
206819.png,pool,1.0
179913.png,no_pool,0.9989
180352.png,pool,0.5498
207285.png,no_pool,0.9984
145768.png,pool,0.9984
150403.png,no_pool,0.9994
159427.png,pool,0.9721
153678.png,no_pool,0.9996
159433.png,no_pool,0.9966
156066.png,no_pool,0.8637
146275.png,pool,0.8
177043.png,no_pool,0.6975
178416.png,pool,0.7938
177725.png,pool,0.5221
178402.png,no_pool,0.9744
177731.png,pool,0.9981
145783.png,no_pool,0.9939
180391.png,no_pool,0.9998
177719.png,pool,0.8022
181925.png,no_pool,0.6643
180385.png,no_pool,0.9921
207252.png,no_pool,0.9833
146739.png,no_pool,0.6703
158507.png,pool,0.9984
155745.png,pool,0.9714
158261.png,no_pool,0.9264
158275.png,no_pool,0.9985
155751.png,no_pool,0.9465
151251.png,no_pool,0.8806
176836.png,pool,0.9299
158513.png,no_pool,0.998
150601.png,no_pool,0.9049
147369.png,no_pool,0.854
150173.png,no_pool,1.0
176639.png,no_pool,0.7293
177241.png,no_pool,0.9287
178172.png,pool,0.5423
177255.png,pool,0.8076
178628.png,no_pool,0.8913
179250.png,no_pool,0.9114
179244.png,pool,1.0
176611.png,pool,0.7386
146895.png,pool,0.8674
176956.png,pool,0.8764
151331.png,pool,1.0
155631.png,no_pool,0.8189
150991.png,no_pool,0.9998
151457.png,no_pool,0.8359
147235.png,pool,0.9874
150985.png,no_pool,0.9998
151443.png,no_pool,0.9608
155625.png,pool,1.0
146659.png,no_pool,0.9201
154275.png,pool,0.9994
150013.png,pool,0.9609
150775.png,no_pool,0.9929
154513.png,no_pool,1.0
180030.png,no_pool,0.9765
154507.png,pool,0.8914
155619.png,no_pool,0.7596
146665.png,pool,0.9171
151319.png,no_pool,0.9992
154261.png,no_pool,0.9954
177453.png,pool,0.503
157783.png,pool,0.542
177335.png,no_pool,0.5493
160649.png,no_pool,0.9979
207118.png,pool,0.9558
178012.png,pool,0.7629
151480.png,pool,0.6508
176759.png,no_pool,0.8027
157797.png,pool,0.9987
176981.png,no_pool,1.0
178984.png,no_pool,0.9411
176771.png,no_pool,0.5827
160675.png,no_pool,0.9749
160661.png,no_pool,0.9954
207124.png,pool,1.0
158498.png,no_pool,0.9999
155355.png,pool,0.9781
151133.png,pool,0.5953
179867.png,no_pool,0.9988
151127.png,no_pool,0.9859
179873.png,no_pool,0.5477
157556.png,no_pool,0.8987
181676.png,no_pool,0.998
180226.png,no_pool,0.9934
177876.png,no_pool,0.8552
149740.png,no_pool,0.9814
177862.png,no_pool,0.7918
177137.png,no_pool,0.8888
161033.png,pool,1.0
177889.png,no_pool,0.8675
161027.png,no_pool,0.659
178210.png,pool,0.5823
177123.png,no_pool,0.8902
178238.png,no_pool,0.8584
153903.png,no_pool,0.9963
180583.png,no_pool,0.9633
179898.png,no_pool,0.9996
158856.png,no_pool,0.9917
160305.png,pool,0.9927
182380.png,no_pool,1.0
153917.png,no_pool,0.9821
153794.png,no_pool,0.8637
178511.png,no_pool,0.7406
177622.png,pool,0.8399
178277.png,no_pool,0.9348
177144.png,pool,0.887
146399.png,pool,0.9997
155497.png,pool,0.7185
178263.png,no_pool,0.7511
157280.png,no_pool,0.9473
177150.png,no_pool,0.8356
178505.png,pool,0.9972
149900.png,no_pool,0.9397
177636.png,no_pool,0.9998
153780.png,no_pool,0.9903
149928.png,no_pool,0.9998
160404.png,no_pool,0.9844
179155.png,no_pool,0.9804
160410.png,no_pool,0.8461
181822.png,no_pool,1.0
177839.png,no_pool,0.7403
181611.png,no_pool,0.9753
154038.png,pool,0.9996
180269.png,no_pool,0.9699
181177.png,no_pool,0.7967
177187.png,no_pool,0.992
150538.png,no_pool,0.9859
181605.png,pool,0.9997
179800.png,pool,0.9931
151154.png,no_pool,0.9949
150262.png,no_pool,1.0
149733.png,no_pool,0.9971
146400.png,no_pool,0.8579
178288.png,pool,0.999
180241.png,no_pool,0.5842
150276.png,no_pool,0.9692
149727.png,no_pool,0.9998
146414.png,pool,1.0
155859.png,no_pool,0.9951
177346.png,pool,0.9593
177352.png,no_pool,0.905
179357.png,no_pool,1.0
160174.png,no_pool,0.9999
177408.png,no_pool,0.5222
157900.png,pool,0.9978
176716.png,pool,0.5711
179343.png,no_pool,1.0
150909.png,no_pool,0.9376
147246.png,pool,0.5017
158366.png,pool,0.9905
177385.png,pool,0.7501
146158.png,pool,0.9995
153555.png,no_pool,1.0
176931.png,no_pool,0.9991
153541.png,no_pool,0.9999
181361.png,pool,0.9966
177391.png,no_pool,0.8857
158372.png,no_pool,0.9998
181349.png,no_pool,0.9982
179394.png,no_pool,0.5151
146164.png,pool,0.6478
178934.png,no_pool,0.9985
176919.png,no_pool,0.9656
146170.png,pool,0.6429
177232.png,no_pool,0.5963
178101.png,no_pool,0.9569
150855.png,no_pool,0.9078
146789.png,pool,0.7018
154399.png,no_pool,0.9902
176886.png,no_pool,0.9756
177540.png,no_pool,0.6885
177226.png,pool,0.5203
178115.png,pool,0.5827
155939.png,pool,0.9676
160772.png,pool,1.0
179223.png,no_pool,0.9918
150869.png,no_pool,0.9108
179545.png,pool,0.8477
179551.png,no_pool,0.989
176662.png,pool,0.8298
146979.png,pool,0.9551
179237.png,no_pool,0.755
150896.png,no_pool,0.9512
155736.png,pool,0.9629
176851.png,pool,0.9863
150128.png,no_pool,0.9871
177597.png,no_pool,0.6656
176845.png,no_pool,0.5924
177583.png,no_pool,0.549
157653.png,pool,0.9977
178868.png,pool,0.7543
146038.png,no_pool,0.6526
180123.png,pool,0.7577
152065.png,no_pool,1.0
150114.png,no_pool,0.7112
178698.png,pool,0.7989
146776.png,pool,0.6649
176879.png,no_pool,0.9999
146762.png,no_pool,1.0
180137.png,no_pool,0.9941
154400.png,no_pool,0.997
181229.png,pool,1.0
178465.png,no_pool,0.9562
177756.png,no_pool,0.9618
177024.png,no_pool,0.8055
178471.png,no_pool,0.8808
178459.png,pool,0.9717
149684.png,pool,0.9988
145900.png,pool,0.9998
179035.png,pool,0.8072
177018.png,no_pool,1.0
145914.png,pool,0.9997
180490.png,no_pool,0.9256
149848.png,no_pool,0.9996
147130.png,no_pool,0.9824
147124.png,no_pool,0.9959
155520.png,no_pool,0.5124
154158.png,no_pool,0.9987
151020.png,no_pool,0.917
177959.png,no_pool,0.764
177781.png,pool,0.9637
179974.png,no_pool,0.9138
177971.png,no_pool,0.999
151008.png,no_pool,0.9987
155508.png,pool,0.9963
180335.png,no_pool,0.9522
147118.png,no_pool,0.9566
177965.png,pool,0.8789
154164.png,pool,0.9968
159327.png,no_pool,0.985
147119.png,no_pool,0.9991
180334.png,no_pool,0.9993
177964.png,pool,0.8248
182251.png,pool,0.5862
179785.png,no_pool,0.9477
177970.png,no_pool,0.9755
155509.png,no_pool,0.8222
155521.png,no_pool,0.9289
147125.png,no_pool,0.9621
427432.png,no_pool,1.0
154159.png,no_pool,0.9991
147131.png,pool,1.0
208113.png,no_pool,0.9894
145915.png,pool,1.0
160565.png,no_pool,0.994
177019.png,no_pool,0.9007
179034.png,no_pool,0.8517
149691.png,no_pool,0.9786
149849.png,no_pool,0.9997
180485.png,pool,0.9948
179746.png,no_pool,0.6707
178458.png,pool,0.5926
145901.png,pool,0.6315
177025.png,no_pool,0.9878
178470.png,no_pool,1.0
177757.png,no_pool,0.7894
178464.png,pool,0.6889
146763.png,pool,0.9514
179593.png,no_pool,0.9956
176878.png,no_pool,0.9998
152070.png,no_pool,0.9967
154401.png,no_pool,0.9985
146777.png,pool,0.5183
178699.png,no_pool,0.9999
150115.png,pool,0.9845
178869.png,pool,0.5302
157652.png,pool,0.9985
177582.png,no_pool,0.9988
176844.png,pool,0.9861
160940.png,no_pool,0.9661
146039.png,no_pool,0.9997
155737.png,pool,0.9952
150897.png,no_pool,0.8664
177596.png,pool,0.9382
176850.png,pool,0.8719
150129.png,no_pool,0.8101
146978.png,pool,0.9662
176663.png,pool,0.8071
179550.png,pool,0.9679
150868.png,no_pool,0.8066
179222.png,no_pool,1.0
160773.png,pool,1.0
179544.png,pool,1.0
176887.png,no_pool,1.0
154398.png,no_pool,0.9456
155938.png,no_pool,0.9759
178114.png,pool,0.8078
177227.png,no_pool,1.0
150854.png,no_pool,0.9048
178100.png,no_pool,0.8142
177233.png,pool,0.8079
146788.png,no_pool,0.9252
146171.png,pool,0.9551
146165.png,no_pool,1.0
181348.png,no_pool,0.9947
176918.png,no_pool,0.9836
153540.png,no_pool,0.9833
158373.png,no_pool,0.952
181360.png,pool,0.9998
146159.png,pool,1.0
177384.png,no_pool,0.5311
158367.png,pool,0.9886
176924.png,pool,0.9836
153554.png,no_pool,1.0
176717.png,pool,0.9735
157901.png,pool,0.9348
177409.png,no_pool,0.6842
160175.png,no_pool,0.9999
150908.png,no_pool,0.999
179342.png,no_pool,0.9995
155870.png,pool,0.9992
178048.png,pool,0.8122
179356.png,no_pool,1.0
159938.png,no_pool,0.9955
177353.png,no_pool,0.6237
177347.png,pool,0.9997
155858.png,no_pool,0.6002
151380.png,pool,0.9985
180240.png,no_pool,0.5524
146415.png,no_pool,0.7708
149726.png,no_pool,0.7074
150277.png,no_pool,1.0
146401.png,no_pool,0.8561
149732.png,no_pool,0.9703
180254.png,pool,0.5652
178289.png,pool,0.5658
151155.png,pool,0.9975
179801.png,pool,0.9931
154039.png,pool,0.9999
181610.png,no_pool,0.9786
152448.png,no_pool,1.0
151141.png,pool,0.6309
177838.png,pool,0.6117
179815.png,no_pool,0.9544
177186.png,no_pool,0.7444
430748.png,no_pool,1.0
181176.png,no_pool,0.9919
180283.png,no_pool,1.0
160411.png,pool,0.9998
181823.png,no_pool,1.0
149929.png,pool,0.9995
179154.png,no_pool,0.812
160405.png,no_pool,0.7918
177151.png,no_pool,0.8396
157281.png,no_pool,0.9308
155496.png,no_pool,0.969
153781.png,no_pool,0.9619
177637.png,no_pool,1.0
149901.png,no_pool,1.0
178504.png,pool,0.9772
150288.png,no_pool,0.9982
177623.png,no_pool,0.6084
178510.png,pool,0.5507
153795.png,no_pool,0.7167
146398.png,pool,0.9705
177145.png,pool,0.9686
161057.png,no_pool,0.9998
149903.png,no_pool,0.9998
177635.png,no_pool,0.9633
178506.png,no_pool,0.9106
153783.png,no_pool,1.0
155494.png,no_pool,0.9294
177153.png,no_pool,0.8094
177147.png,no_pool,0.9934
153797.png,no_pool,0.9853
177621.png,no_pool,0.9652
149917.png,no_pool,1.0
178512.png,pool,0.9998
177609.png,pool,0.8385
160413.png,pool,0.9961
180281.png,no_pool,0.9946
178248.png,no_pool,0.9109
160407.png,no_pool,0.9973
418987.png,no_pool,1.0
154749.png,no_pool,0.9765
181174.png,no_pool,0.6986
151143.png,pool,0.9903
181612.png,no_pool,0.9194
150275.png,no_pool,0.9993
146417.png,pool,0.9839
180242.png,no_pool,0.8583
179181.png,pool,0.9999
150513.png,no_pool,0.9955
157268.png,no_pool,0.9946
150507.png,pool,0.8861
180256.png,pool,0.9998
433519.png,no_pool,0.9999
150261.png,pool,0.8075
146403.png,pool,0.9988
149730.png,no_pool,0.9427
177351.png,no_pool,0.6264
178704.png,no_pool,0.6368
159912.png,no_pool,0.9993
176729.png,no_pool,0.6354
179368.png,no_pool,0.8025
177345.png,no_pool,0.6229
155872.png,pool,0.8641
160177.png,no_pool,0.9853
157903.png,no_pool,0.9916
176715.png,no_pool,0.5072
176701.png,no_pool,0.8893
179354.png,no_pool,1.0
177379.png,pool,0.9952
158371.png,no_pool,1.0
176932.png,no_pool,1.0
153556.png,no_pool,1.0
151341.png,no_pool,0.9944
147245.png,pool,0.9876
177386.png,no_pool,0.8472
146173.png,pool,0.6187
178923.png,no_pool,0.9338
178937.png,pool,1.0
178089.png,no_pool,0.64
146167.png,pool,0.8679
178116.png,no_pool,0.9994
177225.png,pool,0.9904
176885.png,no_pool,0.9903
176649.png,pool,1.0
178102.png,no_pool,0.9623
177231.png,pool,0.9562
150856.png,pool,0.6368
177219.png,pool,0.9015
176661.png,pool,0.9988
179552.png,no_pool,0.9429
179546.png,no_pool,0.9671
178880.png,no_pool,0.8064
160771.png,pool,0.9995
179220.png,no_pool,0.9994
160942.png,no_pool,1.0
150659.png,pool,0.9993
176846.png,no_pool,0.5611
177580.png,no_pool,0.9544
151221.png,no_pool,0.9959
176852.png,pool,0.8753
177594.png,no_pool,0.7645
150895.png,no_pool,0.9993
154403.png,no_pool,0.9999
146761.png,no_pool,0.6007
157678.png,no_pool,0.538
146775.png,no_pool,0.9973
149877.png,no_pool,0.7792
178472.png,pool,0.786
150498.png,no_pool,0.8825
177027.png,pool,0.9975
177755.png,pool,0.6656
178466.png,no_pool,0.6917
179036.png,no_pool,0.9223
151962.png,no_pool,1.0
145917.png,pool,0.9999
208111.png,pool,0.5697
145903.png,pool,0.6622
208105.png,no_pool,1.0
309569.png,no_pool,0.9971
149687.png,no_pool,0.9828
181799.png,no_pool,0.9983
151023.png,no_pool,0.9764
177782.png,pool,0.819
147127.png,no_pool,0.8042
147133.png,no_pool,0.996
177966.png,no_pool,1.0
179793.png,no_pool,1.0
149888.png,no_pool,0.9996
150301.png,no_pool,1.0
180336.png,no_pool,0.9313
159325.png,no_pool,0.5181
177972.png,no_pool,0.6529
179787.png,no_pool,0.9999
178499.png,pool,0.9981
158749.png,no_pool,0.9765
178498.png,pool,0.9319
177973.png,no_pool,0.809
149889.png,no_pool,0.9936
177967.png,pool,0.8838
159324.png,no_pool,0.9963
180337.png,no_pool,1.0
147132.png,pool,1.0
177783.png,no_pool,0.974
147126.png,pool,0.9923
309568.png,pool,0.9843
145902.png,no_pool,0.8695
149686.png,pool,0.9999
177768.png,no_pool,0.9935
180492.png,pool,1.0
145916.png,pool,0.9997
178467.png,no_pool,0.9999
177754.png,no_pool,1.0
178473.png,pool,0.8039
149876.png,no_pool,0.9998
177740.png,pool,0.9982
177026.png,no_pool,0.9619
150499.png,no_pool,0.6625
146774.png,pool,0.589
157679.png,pool,0.9954
150116.png,no_pool,0.858
180121.png,no_pool,0.9979
152073.png,no_pool,0.9968
154402.png,no_pool,1.0
180135.png,pool,0.704
146760.png,pool,0.906
177595.png,pool,0.9227
176853.png,pool,0.9643
150894.png,no_pool,0.9591
150658.png,no_pool,0.9136
150880.png,no_pool,0.9662
151220.png,no_pool,1.0
177581.png,no_pool,0.9759
176847.png,no_pool,0.5206
179547.png,pool,1.0
179221.png,no_pool,0.9997
179235.png,no_pool,0.6123
177218.png,pool,0.9637
179553.png,no_pool,0.9601
176648.png,pool,0.7348
150857.png,no_pool,0.7815
177230.png,no_pool,0.5325
178103.png,no_pool,0.9291
177224.png,no_pool,0.999
178117.png,no_pool,1.0
176884.png,no_pool,0.9984
178936.png,no_pool,0.9902
146166.png,no_pool,0.9999
178088.png,pool,0.966
146172.png,no_pool,0.5755
178922.png,pool,0.9981
176927.png,no_pool,0.7859
182118.png,pool,1.0
153557.png,no_pool,1.0
180069.png,no_pool,0.9969
147244.png,pool,0.7118
153543.png,no_pool,1.0
176933.png,no_pool,1.0
151354.png,no_pool,0.9907
155867.png,no_pool,0.9983
177378.png,pool,0.7676
179355.png,no_pool,0.9998
179341.png,pool,0.9992
155873.png,no_pool,0.9896
176714.png,pool,0.8493
157902.png,no_pool,0.9369
160176.png,no_pool,1.0
177344.png,no_pool,0.8031
179369.png,no_pool,1.0
177350.png,pool,0.9639
176728.png,pool,0.5624
159913.png,no_pool,0.9625
150506.png,no_pool,0.5541
157269.png,no_pool,0.996
149731.png,no_pool,0.9826
146402.png,no_pool,0.6867
150260.png,no_pool,0.9978
433518.png,no_pool,1.0
146416.png,no_pool,0.7094
150274.png,no_pool,0.9997
150512.png,no_pool,0.989
181613.png,no_pool,0.9922
151142.png,no_pool,0.6048
179816.png,no_pool,0.9224
158614.png,pool,1.0
179802.png,pool,0.9983
154748.png,no_pool,0.9996
178249.png,no_pool,1.0
160406.png,no_pool,0.9828
177608.png,no_pool,0.9782
160412.png,pool,1.0
177146.png,no_pool,0.9934
178513.png,pool,1.0
149916.png,no_pool,1.0
177620.png,no_pool,0.5558
153796.png,no_pool,0.9094
153782.png,no_pool,0.9829
178507.png,pool,0.6077
149902.png,no_pool,0.9972
179619.png,no_pool,1.0
177152.png,no_pool,0.8966
155495.png,no_pool,0.959
160416.png,pool,0.9662
181824.png,no_pool,0.9999
179621.png,no_pool,0.9999
177618.png,no_pool,0.9981
179153.png,pool,0.7207
177156.png,pool,0.7635
178265.png,pool,0.7014
157286.png,no_pool,0.9989
178503.png,pool,0.659
153786.png,no_pool,0.8186
153792.png,no_pool,0.7179
179609.png,no_pool,0.9999
177624.png,no_pool,0.8795
149912.png,no_pool,1.0
178517.png,pool,0.9361
177142.png,pool,0.5047
157279.png,no_pool,0.999
150270.png,no_pool,0.798
146412.png,pool,0.9986
433508.png,no_pool,1.0
153779.png,no_pool,0.5849
154016.png,no_pool,0.5988
150264.png,no_pool,1.0
146406.png,no_pool,0.9665
152315.png,no_pool,1.0
145899.png,pool,1.0
158610.png,pool,0.9002
151152.png,pool,0.9951
151146.png,no_pool,0.7705
154758.png,no_pool,0.931
160172.png,no_pool,1.0
176710.png,no_pool,0.6691
157906.png,no_pool,0.9967
179345.png,no_pool,0.9628
177368.png,pool,0.9961
179351.png,no_pool,0.5707
160166.png,no_pool,1.0
159917.png,no_pool,0.9986
178701.png,pool,0.9999
177354.png,no_pool,0.6027
177340.png,no_pool,0.6756
408777.png,pool,1.0
178926.png,no_pool,1.0
178098.png,no_pool,0.7876
146162.png,pool,0.9651
177397.png,no_pool,0.735
151436.png,no_pool,0.9833
177383.png,pool,0.9518
147240.png,pool,0.9754
153553.png,no_pool,0.9999
146638.png,no_pool,0.8693
176923.png,no_pool,0.9987
178891.png,no_pool,0.6963
176664.png,pool,0.8114
179557.png,pool,0.9901
180694.png,no_pool,0.964
179231.png,no_pool,0.9846
177208.png,no_pool,0.7039
160774.png,pool,1.0
179225.png,pool,0.9826
176670.png,pool,0.8559
176880.png,pool,0.926
178113.png,no_pool,0.6188
177220.png,pool,0.8634
178107.png,no_pool,0.8116
177234.png,pool,0.7482
179219.png,no_pool,0.9912
150853.png,no_pool,0.8437
157682.png,pool,0.9995
181549.png,no_pool,0.8755
157669.png,pool,1.0
146764.png,pool,0.9887
150660.png,pool,1.0
180131.png,no_pool,0.8665
154406.png,no_pool,0.9998
180125.png,no_pool,0.8883
146770.png,no_pool,0.9999
146980.png,no_pool,0.951
157655.png,pool,0.8864
177585.png,no_pool,0.9262
176843.png,pool,0.8899
146758.png,pool,0.7504
150890.png,no_pool,0.9997
150648.png,no_pool,0.9996
180119.png,no_pool,0.8473
177591.png,no_pool,0.9086
176857.png,pool,0.992
157899.png,pool,0.568
145912.png,pool,0.9977
177778.png,no_pool,0.997
179741.png,no_pool,0.8857
149682.png,no_pool,0.9466
153802.png,no_pool,0.9905
180482.png,pool,0.942
145906.png,no_pool,0.9845
378395.png,pool,0.9798
178339.png,no_pool,0.8282
160576.png,no_pool,0.7205
177022.png,no_pool,0.9926
178477.png,no_pool,0.9999
177750.png,no_pool,1.0
178463.png,pool,0.9058
177988.png,pool,0.8763
150489.png,pool,0.9989
177963.png,pool,0.7048
154162.png,pool,0.9792
177977.png,no_pool,0.9991
149899.png,no_pool,1.0
147122.png,no_pool,0.6664
177787.png,no_pool,0.7974
151032.png,no_pool,0.8944
177793.png,no_pool,0.7011
147136.png,no_pool,0.7417
177792.png,pool,0.8162
151033.png,no_pool,0.9918
154639.png,no_pool,0.6933
147123.png,pool,0.6569
177786.png,no_pool,0.8628
151027.png,no_pool,0.9856
149898.png,no_pool,1.0
150311.png,no_pool,1.0
177976.png,no_pool,0.8632
182257.png,no_pool,0.9925
179783.png,no_pool,1.0
154163.png,pool,0.9984
177962.png,no_pool,0.5843
179797.png,pool,0.5236
177989.png,pool,0.6464
178462.png,no_pool,0.8695
177751.png,no_pool,0.5901
150488.png,no_pool,0.9664
177023.png,pool,0.9975
178476.png,pool,0.9835
177745.png,pool,0.8472
180483.png,pool,0.5683
178338.png,no_pool,0.9951
145907.png,no_pool,0.9993
145913.png,no_pool,0.9999
160563.png,no_pool,0.9999
177779.png,no_pool,0.7574
150649.png,pool,0.9802
160952.png,no_pool,0.9597
157898.png,no_pool,0.6903
176856.png,pool,0.9971
177590.png,no_pool,0.9986
146759.png,no_pool,0.7278
176842.png,pool,0.9468
177584.png,no_pool,0.671
157654.png,pool,0.9965
146981.png,no_pool,0.7029
151543.png,no_pool,1.0
160946.png,no_pool,1.0
150885.png,no_pool,0.9993
146017.png,no_pool,0.9996
146771.png,pool,0.5613
179595.png,pool,0.9992
146765.png,pool,1.0
151219.png,no_pool,0.9999
157668.png,pool,0.9999
154407.png,no_pool,0.9995
150661.png,pool,0.9998
150852.png,no_pool,0.881
177235.png,no_pool,0.9976
178106.png,no_pool,0.9384
157683.png,pool,1.0
152089.png,no_pool,1.0
177221.png,pool,0.5621
178112.png,pool,0.7273
179224.png,pool,0.5582
160775.png,pool,0.9958
177209.png,pool,0.8715
176671.png,no_pool,0.5689
180681.png,no_pool,0.7736
180695.png,no_pool,0.938
179556.png,pool,0.9999
176665.png,pool,0.9998
179230.png,no_pool,1.0
147241.png,no_pool,0.8596
177382.png,no_pool,1.0
176922.png,pool,0.9988
146639.png,no_pool,0.8991
153552.png,no_pool,0.995
151351.png,no_pool,0.8481
151437.png,no_pool,0.993
150729.png,no_pool,1.0
158375.png,pool,0.5213
177396.png,pool,0.5689
146163.png,pool,0.8531
181428.png,no_pool,0.7923
178927.png,no_pool,0.9805
178099.png,pool,0.5155
177341.png,pool,0.8497
176739.png,no_pool,1.0
178700.png,no_pool,0.7577
159916.png,no_pool,0.995
177355.png,pool,0.7718
179350.png,no_pool,1.0
176705.png,pool,0.9998
160167.png,no_pool,0.9998
176711.png,pool,0.871
160173.png,no_pool,0.8846
177369.png,no_pool,0.8431
179344.png,no_pool,1.0
151147.png,no_pool,0.7418
158605.png,no_pool,0.9996
181170.png,pool,1.0
434528.png,no_pool,0.9892
145898.png,no_pool,0.9997
151153.png,no_pool,0.9677
158611.png,pool,0.9849
149734.png,no_pool,0.8784
146407.png,no_pool,0.7706
150265.png,no_pool,1.0
180252.png,no_pool,0.9998
180246.png,no_pool,1.0
154017.png,pool,0.6184
153778.png,pool,0.5595
433509.png,no_pool,0.9997
146413.png,pool,0.9426
150271.png,no_pool,1.0
178516.png,no_pool,0.5464
177625.png,pool,0.5335
153793.png,no_pool,0.8896
157287.png,no_pool,0.9992
178264.png,no_pool,0.6761
177157.png,no_pool,0.6752
153787.png,no_pool,0.9349
178502.png,no_pool,0.744
177619.png,no_pool,0.9126
179152.png,no_pool,0.7308
160417.png,no_pool,0.9385
181825.png,no_pool,0.9999
149939.png,no_pool,0.9991
177169.png,no_pool,1.0
160415.png,no_pool,0.9984
178272.png,no_pool,0.7775
177141.png,no_pool,0.9283
153791.png,no_pool,0.7497
178514.png,pool,0.8894
177627.png,no_pool,0.9034
149911.png,no_pool,0.998
178500.png,pool,0.9971
153785.png,no_pool,0.9491
160429.png,no_pool,1.0
178266.png,no_pool,0.5488
157285.png,no_pool,0.979
177155.png,no_pool,0.7422
150501.png,no_pool,0.5383
180250.png,no_pool,0.9996
150267.png,no_pool,0.9992
149736.png,pool,0.9048
146405.png,pool,0.9904
146411.png,pool,1.0
154015.png,pool,0.6932
180244.png,no_pool,0.8683
158149.png,pool,1.0
181172.png,no_pool,0.9994
158607.png,no_pool,0.7964
151145.png,no_pool,0.8431
433523.png,no_pool,1.0
154029.png,no_pool,0.9766
158613.png,pool,0.9996
150529.png,no_pool,0.9873
160165.png,no_pool,0.9992
177419.png,pool,0.9923
176707.png,no_pool,0.5352
179352.png,no_pool,1.0
155860.png,no_pool,0.9852
179346.png,pool,0.9461
159928.png,no_pool,1.0
160171.png,no_pool,1.0
176713.png,no_pool,0.5151
157905.png,no_pool,0.9925
177343.png,pool,0.9932
177357.png,pool,0.7775
159914.png,no_pool,0.9942
178931.png,pool,1.0
146161.png,pool,1.0
178925.png,no_pool,0.975
176908.png,pool,0.7403
181416.png,pool,0.9879
176920.png,pool,0.9994
177380.png,pool,0.998
147243.png,pool,0.9172
177394.png,pool,0.9881
158377.png,no_pool,0.9197
151435.png,pool,0.5481
146149.png,pool,0.9938
151353.png,no_pool,0.9923
178919.png,no_pool,0.8676
176934.png,no_pool,0.993
153544.png,no_pool,1.0
178138.png,no_pool,0.762
160777.png,pool,0.5396
179226.png,no_pool,1.0
179232.png,no_pool,1.0
176667.png,pool,0.84
177579.png,no_pool,0.6671
180697.png,pool,0.9959
157681.png,pool,0.9998
154388.png,no_pool,0.7083
177237.png,pool,0.9415
178104.png,no_pool,0.9415
177223.png,pool,0.9104
178110.png,no_pool,0.8596
178676.png,no_pool,0.9998
176883.png,no_pool,0.9902
150111.png,pool,0.55
176868.png,pool,0.5327
146773.png,no_pool,0.8881
152060.png,no_pool,1.0
181238.png,pool,0.996
154405.png,no_pool,1.0
178689.png,pool,0.9315
146767.png,no_pool,0.6598
179597.png,no_pool,1.0
177592.png,no_pool,0.747
176854.png,no_pool,0.929
178879.png,pool,0.9597
150893.png,no_pool,0.9988
151555.png,no_pool,1.0
160950.png,no_pool,0.9989
146029.png,no_pool,0.9814
160788.png,pool,0.9994
155733.png,no_pool,0.9961
151541.png,no_pool,1.0
160944.png,no_pool,1.0
177586.png,no_pool,0.8662
157656.png,pool,0.9393
176840.png,pool,0.9905
150139.png,pool,0.9997
145905.png,pool,0.9838
153801.png,no_pool,0.9995
180481.png,pool,0.9659
145911.png,no_pool,0.7884
179018.png,no_pool,0.9876
178460.png,pool,0.9902
177753.png,no_pool,1.0
158968.png,no_pool,0.5051
178474.png,no_pool,0.9623
177747.png,no_pool,1.0
177021.png,no_pool,0.9973
147109.png,no_pool,0.9088
177974.png,no_pool,0.9998
150313.png,no_pool,1.0
177960.png,no_pool,0.853
154161.png,no_pool,0.5372
155519.png,pool,0.9461
159323.png,no_pool,0.964
147135.png,no_pool,0.8022
182269.png,pool,0.9979
151031.png,no_pool,0.9451
177790.png,no_pool,0.6289
154149.png,no_pool,1.0
147121.png,no_pool,0.8551
177785.png,no_pool,0.9996
147120.png,pool,0.9721
147134.png,pool,0.9987
154148.png,no_pool,0.9994
177791.png,no_pool,0.7498
151030.png,no_pool,0.9273
154160.png,pool,0.6033
150306.png,no_pool,1.0
177961.png,no_pool,0.8066
159322.png,no_pool,0.8707
155518.png,no_pool,0.6203
147108.png,no_pool,0.6147
177975.png,no_pool,0.7999
182254.png,no_pool,0.9886
177746.png,no_pool,0.9981
178475.png,pool,0.7881
177020.png,pool,0.6619
151781.png,no_pool,0.9965
160548.png,no_pool,0.9958
179019.png,no_pool,0.7215
158969.png,no_pool,0.5946
178461.png,pool,0.7126
180494.png,no_pool,0.9963
145910.png,no_pool,1.0
151965.png,no_pool,0.9995
177008.png,no_pool,0.9882
145904.png,no_pool,0.9932
180480.png,pool,0.8475
153800.png,no_pool,1.0
179743.png,no_pool,0.9297
149858.png,no_pool,0.9994
150886.png,no_pool,0.5494
176841.png,pool,0.9892
150138.png,pool,0.9999
157657.png,pool,0.9988
177587.png,no_pool,0.8227
178878.png,pool,0.9848
176855.png,pool,0.7689
177593.png,no_pool,0.8446
155732.png,no_pool,0.9547
160789.png,pool,0.9971
146028.png,pool,0.5494
150892.png,no_pool,1.0
152075.png,no_pool,1.0
154404.png,no_pool,0.9999
180133.png,pool,0.5379
150662.png,no_pool,0.9482
146766.png,pool,0.9993
178688.png,no_pool,0.5159
146772.png,no_pool,0.9968
150110.png,pool,0.6359
176869.png,no_pool,0.6149
181239.png,no_pool,0.7016
180127.png,no_pool,0.9844
178111.png,no_pool,0.8261
177222.png,no_pool,0.6938
176882.png,no_pool,1.0
160038.png,no_pool,0.9998
178677.png,no_pool,0.9902
154389.png,no_pool,0.6143
157680.png,pool,0.9991
150851.png,no_pool,0.7657
178105.png,no_pool,0.8403
177236.png,pool,0.9999
150879.png,no_pool,0.9831
179233.png,no_pool,1.0
177578.png,pool,0.9957
176666.png,pool,0.9992
179555.png,pool,0.9973
179541.png,pool,0.9981
178887.png,no_pool,0.9632
180682.png,no_pool,0.5159
179227.png,no_pool,1.0
178139.png,pool,0.5383
160776.png,pool,1.0
146148.png,pool,0.9822
151434.png,no_pool,0.9762
177395.png,no_pool,0.7246
151352.png,no_pool,0.9502
180709.png,no_pool,0.6178
147242.png,no_pool,0.661
181359.png,no_pool,0.8721
146174.png,no_pool,0.974
176909.png,no_pool,0.8455
178924.png,no_pool,0.8849
146160.png,pool,0.9936
177356.png,no_pool,0.5878
159915.png,no_pool,0.9992
177342.png,no_pool,0.8563
179347.png,pool,0.9957
157904.png,no_pool,0.9828
176712.png,pool,0.7638
160170.png,no_pool,1.0
176706.png,pool,0.9279
177418.png,pool,0.5549
160164.png,no_pool,0.9119
155861.png,no_pool,0.9759
179353.png,no_pool,0.9999
151150.png,no_pool,0.9394
179804.png,pool,0.9998
158612.png,pool,0.9993
154028.png,no_pool,0.9969
150528.png,no_pool,0.9999
433522.png,no_pool,0.9646
151144.png,no_pool,0.9222
158606.png,no_pool,0.9993
154014.png,pool,1.0
146410.png,pool,0.8309
178298.png,pool,0.6319
158148.png,pool,1.0
150500.png,no_pool,0.924
146404.png,no_pool,0.8839
150266.png,no_pool,0.9946
178501.png,no_pool,0.5097
177154.png,no_pool,0.8894
160428.png,no_pool,0.9993
157284.png,no_pool,0.9941
178267.png,pool,0.8258
433287.png,no_pool,0.9996
177140.png,no_pool,0.9133
150299.png,no_pool,1.0
149910.png,no_pool,0.9999
177626.png,no_pool,0.9952
178515.png,pool,0.5144
153790.png,pool,0.922
154969.png,no_pool,0.9988
160414.png,no_pool,0.9999
177603.png,pool,1.0
149935.png,no_pool,0.9348
178256.png,no_pool,0.8257
160419.png,no_pool,0.5535
178242.png,pool,0.7315
177171.png,no_pool,0.9759
181181.png,no_pool,0.9649
154970.png,no_pool,0.9998
177617.png,no_pool,0.6669
153789.png,pool,0.5574
150280.png,no_pool,0.7819
149909.png,no_pool,0.9586
177159.png,pool,0.9665
157289.png,no_pool,0.9854
160425.png,pool,1.0
179160.png,pool,1.0
178518.png,no_pool,0.8958
433507.png,no_pool,0.9982
153776.png,no_pool,0.9755
157276.png,no_pool,0.9408
180248.png,no_pool,1.0
178281.png,pool,0.5301
146409.png,no_pool,0.6804
433513.png,no_pool,0.9999
146421.png,pool,0.9979
154025.png,no_pool,0.9997
145896.png,no_pool,0.9876
180274.png,no_pool,0.9384
150531.png,no_pool,0.9999
180260.png,no_pool,1.0
154031.png,no_pool,0.9583
180506.png,pool,0.5361
151149.png,no_pool,0.9565
150900.png,no_pool,0.9935
177367.png,pool,0.89
177401.png,pool,1.0
159924.png,no_pool,1.0
160169.png,no_pool,1.0
159930.png,no_pool,0.9972
405260.png,pool,0.9656
177373.png,no_pool,0.7061
159918.png,no_pool,0.9975
176723.png,no_pool,0.9927
179362.png,no_pool,1.0
181354.png,pool,1.0
178097.png,no_pool,0.8565
178929.png,pool,0.9294
176904.png,no_pool,0.9546
147501.png,pool,0.5815
176910.png,no_pool,1.0
181340.png,no_pool,0.9936
177398.png,no_pool,0.8371
146145.png,no_pool,0.8588
151439.png,no_pool,0.9773
180710.png,pool,0.5479
146623.png,no_pool,1.0
160182.png,no_pool,1.0
146637.png,no_pool,1.0
150733.png,no_pool,0.9818
146151.png,pool,0.6629
178120.png,no_pool,0.9999
150874.png,no_pool,0.9941
179558.png,no_pool,0.8542
177207.png,no_pool,0.9996
178134.png,no_pool,0.7155
150860.png,no_pool,0.9999
152087.png,no_pool,1.0
154390.png,pool,0.9097
154384.png,no_pool,0.976
176643.png,pool,0.9178
146780.png,no_pool,0.7286
178108.png,no_pool,0.9994
181220.png,pool,0.5423
150109.png,no_pool,0.956
176870.png,no_pool,0.6905
157666.png,pool,1.0
181546.png,no_pool,0.9918
176864.png,pool,0.8454
157672.png,pool,0.9956
178691.png,pool,0.5372
146019.png,pool,0.521
181234.png,pool,0.9875
160948.png,no_pool,1.0
146031.png,pool,0.7413
160790.png,no_pool,0.9918
180102.png,no_pool,0.9074
150135.png,pool,0.9874
146757.png,no_pool,1.0
178861.png,no_pool,0.8199
178875.png,no_pool,0.9999
157896.png,no_pool,0.9856
146743.png,pool,0.725
146025.png,no_pool,1.0
160784.png,no_pool,0.7748
178444.png,no_pool,0.6217
177011.png,pool,0.939
151968.png,no_pool,0.9991
309563.png,no_pool,0.631
178336.png,pool,0.9751
160579.png,no_pool,0.9998
177005.png,no_pool,0.9826
145909.png,pool,0.7521
181793.png,no_pool,0.9962
177763.png,pool,1.0
149855.png,no_pool,0.9976
178478.png,pool,0.6757
158970.png,pool,0.9772
179000.png,no_pool,0.9978
150492.png,no_pool,0.7546
145921.png,no_pool,1.0
207214.png,pool,1.0
150486.png,no_pool,0.9169
177039.png,pool,1.0
160545.png,no_pool,0.9892
177987.png,pool,0.9993
179799.png,no_pool,0.9998
178487.png,no_pool,0.9846
149882.png,no_pool,0.9978
147111.png,no_pool,1.0
158031.png,no_pool,0.995
155515.png,no_pool,0.946
155501.png,no_pool,0.9583
147105.png,pool,0.9997
177978.png,no_pool,0.9894
149896.png,no_pool,0.7543
151029.png,no_pool,0.9927
177788.png,pool,0.5006
154151.png,pool,0.9992
154623.png,no_pool,0.9986
180472.png,no_pool,1.0
154145.png,no_pool,1.0
146541.png,no_pool,0.7149
146540.png,pool,0.9146
154144.png,no_pool,0.9972
180473.png,no_pool,0.8969
181779.png,no_pool,0.9998
180467.png,no_pool,0.9999
154150.png,no_pool,0.9998
177789.png,pool,0.6296
147104.png,pool,0.9993
155500.png,no_pool,0.9917
149897.png,no_pool,0.993
178492.png,no_pool,0.9393
149883.png,no_pool,0.9991
178486.png,pool,0.8989
179798.png,no_pool,0.9907
155514.png,no_pool,0.8996
147110.png,pool,0.7492
150487.png,no_pool,0.9142
177986.png,pool,0.9925
178479.png,no_pool,0.991
207215.png,pool,1.0
145920.png,no_pool,0.9997
150493.png,no_pool,0.9349
179001.png,pool,0.9281
145908.png,pool,0.8915
177004.png,no_pool,0.688
178337.png,pool,0.9408
160578.png,no_pool,0.9896
309562.png,no_pool,0.6689
149854.png,no_pool,0.9952
177762.png,pool,0.9999
177010.png,pool,0.9968
146742.png,pool,0.9427
157897.png,no_pool,0.5463
178874.png,no_pool,0.8675
176859.png,no_pool,0.5985
160785.png,no_pool,0.7112
146024.png,pool,0.6037
180117.png,no_pool,0.5494
180103.png,pool,0.5674
150652.png,no_pool,0.9657
146030.png,pool,0.9708
178860.png,no_pool,0.9998
146756.png,pool,0.7359
176695.png,no_pool,0.5476
150134.png,pool,0.9608
178690.png,no_pool,0.994
157673.png,pool,0.9983
176865.png,pool,0.7924
181235.png,pool,0.9117
146018.png,no_pool,1.0
181221.png,no_pool,0.6288
154408.png,no_pool,1.0
157667.png,pool,0.9993
176871.png,no_pool,0.8251
146781.png,no_pool,0.7511
176642.png,no_pool,0.827
154385.png,no_pool,0.9976
178109.png,no_pool,1.0
154391.png,no_pool,0.8933
160034.png,no_pool,0.9954
150861.png,no_pool,0.9734
178135.png,no_pool,0.6567
177206.png,pool,0.9993
150875.png,no_pool,0.9837
178121.png,no_pool,1.0
179559.png,no_pool,0.7652
146636.png,no_pool,0.9939
146150.png,pool,0.9873
150732.png,no_pool,0.9506
151438.png,no_pool,0.9379
146144.png,no_pool,0.9209
177399.png,pool,0.675
160183.png,no_pool,0.9999
146622.png,no_pool,1.0
176911.png,no_pool,0.9754
181341.png,no_pool,0.9953
178096.png,no_pool,0.8502
176905.png,no_pool,0.9973
178928.png,no_pool,0.5288
176736.png,pool,1.0
155851.png,pool,0.5437
179363.png,no_pool,1.0
176722.png,pool,0.7441
159919.png,no_pool,0.9975
160168.png,no_pool,0.9994
178041.png,pool,0.9631
177372.png,no_pool,0.9999
177366.png,pool,0.895
158385.png,no_pool,0.9502
150901.png,no_pool,0.9691
177400.png,pool,0.764
150530.png,no_pool,1.0
151148.png,no_pool,0.7739
154030.png,no_pool,0.9709
154024.png,no_pool,0.9998
146420.png,pool,0.6526
145897.png,pool,0.905
180275.png,no_pool,0.9969
158150.png,no_pool,0.9977
157263.png,no_pool,0.8348
433512.png,no_pool,1.0
146408.png,pool,0.8309
153777.png,no_pool,0.9556
154018.png,no_pool,0.7208
433506.png,no_pool,1.0
157277.png,no_pool,0.9994
179161.png,no_pool,0.7315
160430.png,no_pool,1.0
179607.png,no_pool,0.9989
150281.png,no_pool,0.7606
179613.png,no_pool,1.0
153788.png,pool,0.9954
157288.png,no_pool,0.9842
160424.png,pool,1.0
177158.png,pool,0.5971
154971.png,no_pool,0.9889
181180.png,no_pool,0.6633
177170.png,no_pool,1.0
178243.png,no_pool,0.8548
177616.png,pool,0.9867
149934.png,no_pool,0.9843
177602.png,no_pool,0.8559
178257.png,no_pool,0.8311
160418.png,pool,0.8682
149922.png,no_pool,0.9994
177614.png,pool,0.8921
177172.png,no_pool,0.8659
178241.png,pool,0.7845
181182.png,no_pool,0.9787
154973.png,no_pool,0.9358
178255.png,pool,0.8667
177600.png,pool,0.9417
149936.png,no_pool,0.9686
179605.png,no_pool,1.0
177628.png,pool,0.9451
181800.png,no_pool,0.9276
146393.png,no_pool,0.8046
160426.png,pool,0.9934
179611.png,no_pool,1.0
150283.png,no_pool,0.9676
158634.png,no_pool,1.0
149739.png,pool,0.5348
433510.png,no_pool,1.0
178282.png,pool,0.5544
157275.png,pool,0.9503
178296.png,pool,0.9225
153775.png,no_pool,0.9741
154032.png,no_pool,0.715
180505.png,pool,0.5963
158608.png,no_pool,0.9704
180277.png,no_pool,1.0
145895.png,pool,0.7592
146422.png,pool,0.9987
154026.png,no_pool,0.991
178043.png,pool,0.8537
177370.png,no_pool,1.0
158393.png,no_pool,0.6297
176708.png,pool,0.7447
177402.png,pool,0.7676
179349.png,no_pool,1.0
150903.png,pool,0.9746
158387.png,no_pool,0.8607
177364.png,pool,0.6552
179361.png,pool,0.9546
155853.png,no_pool,0.953
176734.png,pool,1.0
179413.png,no_pool,0.9268
155847.png,no_pool,0.721
177358.png,no_pool,0.9972
176913.png,pool,0.8892
147502.png,pool,0.6185
176907.png,no_pool,0.9972
178094.png,no_pool,0.9027
150730.png,no_pool,0.998
146152.png,no_pool,0.9999
146634.png,pool,0.6339
180707.png,no_pool,0.9526
178916.png,no_pool,0.8061
146620.png,pool,0.9903
160181.png,no_pool,1.0
158378.png,pool,0.9256
146146.png,no_pool,0.9515
178137.png,no_pool,0.6388
160778.png,no_pool,0.7808
177204.png,pool,0.604
179229.png,no_pool,0.9999
150863.png,no_pool,0.9158
180698.png,no_pool,0.9855
176668.png,pool,0.6634
177576.png,no_pool,0.8038
177210.png,no_pool,0.5446
150877.png,no_pool,0.858
177238.png,no_pool,0.5711
154387.png,no_pool,0.9973
176640.png,pool,0.7423
146783.png,pool,1.0
160036.png,no_pool,0.9581
154393.png,no_pool,0.9371
180129.png,no_pool,0.9895
181237.png,pool,0.999
181551.png,no_pool,0.9079
154378.png,pool,0.8338
176867.png,no_pool,0.9455
157671.png,pool,1.0
178692.png,pool,0.8055
176873.png,no_pool,0.9903
178686.png,pool,0.7286
157665.png,pool,1.0
146768.png,no_pool,0.8855
181223.png,pool,1.0
146026.png,no_pool,0.5895
160787.png,pool,0.987
150644.png,no_pool,0.8163
178876.png,pool,0.9943
157895.png,pool,0.9046
146740.png,no_pool,0.7721
150136.png,pool,0.9999
177589.png,no_pool,0.5994
157659.png,pool,1.0
146754.png,no_pool,0.8771
178862.png,no_pool,0.8158
150888.png,no_pool,0.9781
150650.png,no_pool,0.9938
180101.png,no_pool,0.9383
177760.png,no_pool,0.6866
149856.png,no_pool,0.9785
177006.png,no_pool,0.9368
178335.png,no_pool,1.0
177012.png,no_pool,0.7076
178447.png,pool,0.9173
181784.png,pool,1.0
177984.png,pool,0.9999
179017.png,no_pool,0.9918
150485.png,no_pool,0.8122
160546.png,no_pool,0.9996
179003.png,no_pool,0.6526
177748.png,pool,1.0
177990.png,pool,0.9802
151002.png,no_pool,0.9723
149895.png,no_pool,0.9754
155502.png,pool,0.9861
147106.png,no_pool,0.9514
147112.png,no_pool,0.9608
158032.png,no_pool,0.9498
155516.png,no_pool,0.53
149881.png,no_pool,0.9821
178484.png,no_pool,0.8777
180471.png,pool,0.7986
154146.png,no_pool,0.9999
146542.png,pool,0.6995
182266.png,no_pool,0.7288
154620.png,no_pool,0.9713
182272.png,pool,1.0
154152.png,pool,0.9649
154635.png,pool,0.5953
154153.png,no_pool,0.9832
146543.png,pool,1.0
154147.png,no_pool,1.0
180470.png,no_pool,1.0
154621.png,no_pool,0.9999
155517.png,pool,0.811
158033.png,no_pool,0.9808
147113.png,no_pool,0.9975
178485.png,pool,0.6903
149880.png,no_pool,0.7503
149894.png,no_pool,0.7066
151003.png,no_pool,0.9704
147107.png,pool,0.9279
155503.png,pool,0.9998
207216.png,pool,1.0
150490.png,no_pool,0.936
177749.png,pool,0.9984
158966.png,pool,0.9895
177985.png,pool,0.9958
160547.png,no_pool,0.9186
150484.png,no_pool,0.922
179016.png,no_pool,0.9652
177013.png,pool,0.9806
181785.png,no_pool,0.9654
178452.png,pool,0.825
149857.png,no_pool,0.9968
177761.png,no_pool,0.752
178334.png,pool,1.0
309561.png,no_pool,1.0
178863.png,pool,0.6741
146755.png,no_pool,0.7821
157658.png,pool,1.0
177588.png,no_pool,0.7233
150137.png,pool,1.0
150651.png,no_pool,0.9731
150645.png,no_pool,0.9417
160786.png,pool,0.9968
146027.png,no_pool,0.9873
146741.png,no_pool,0.9996
157894.png,pool,0.8511
178877.png,pool,0.9996
146999.png,no_pool,0.876
146769.png,no_pool,0.9998
157664.png,pool,1.0
178687.png,no_pool,0.8732
176872.png,pool,0.51
181222.png,no_pool,0.8925
181236.png,pool,0.9997
178693.png,no_pool,0.9981
157670.png,pool,0.9995
176866.png,pool,0.8071
154379.png,no_pool,0.988
154392.png,no_pool,0.9668
177239.png,pool,0.7244
146782.png,no_pool,0.9969
176641.png,pool,0.9978
154386.png,no_pool,0.8855
177577.png,pool,0.9328
176669.png,pool,0.9113
180699.png,pool,0.7928
150876.png,no_pool,0.9545
177211.png,no_pool,0.8537
178122.png,no_pool,0.9922
150862.png,no_pool,0.9967
177205.png,pool,0.9703
178136.png,no_pool,0.9813
160779.png,pool,0.9963
160180.png,no_pool,1.0
146621.png,no_pool,1.0
146147.png,no_pool,0.9473
146153.png,no_pool,0.9978
150731.png,no_pool,0.9747
181418.png,pool,0.9992
178903.png,pool,0.8721
146635.png,pool,0.7907
176906.png,no_pool,0.6092
147503.png,pool,0.7458
178095.png,no_pool,0.6766
181342.png,no_pool,0.9118
176912.png,pool,1.0
181424.png,no_pool,0.9948
177359.png,no_pool,1.0
179374.png,no_pool,1.0
155846.png,no_pool,0.9956
155852.png,no_pool,0.7354
179360.png,no_pool,0.9779
159926.png,no_pool,1.0
177403.png,no_pool,0.9336
177365.png,no_pool,0.5043
150902.png,pool,0.9129
179348.png,no_pool,1.0
158392.png,no_pool,0.9949
178042.png,pool,0.9498
176709.png,pool,0.9944
159932.png,no_pool,0.9985
177417.png,no_pool,0.757
181168.png,pool,0.5448
180276.png,no_pool,1.0
145894.png,no_pool,0.8858
154741.png,pool,0.6533
154027.png,no_pool,0.9937
146423.png,no_pool,0.9356
158609.png,pool,0.9697
180504.png,pool,0.9124
154033.png,no_pool,0.7186
152324.png,no_pool,1.0
180262.png,no_pool,1.0
178297.png,pool,0.976
157274.png,pool,0.9886
153774.png,no_pool,0.9216
433505.png,no_pool,0.9999
433511.png,no_pool,1.0
149738.png,pool,0.9896
158635.png,no_pool,1.0
178283.png,no_pool,0.9885
158153.png,no_pool,0.8538
152318.png,no_pool,1.0
160427.png,no_pool,0.991
150282.png,no_pool,0.7236
181801.png,no_pool,0.6558
150296.png,no_pool,1.0
179162.png,no_pool,0.838
178254.png,pool,0.9851
149937.png,no_pool,0.9827
177601.png,pool,0.9802
177615.png,no_pool,0.9653
149923.png,no_pool,0.9526
154972.png,pool,0.8162
179166.png,no_pool,0.8449
146396.png,no_pool,0.7705
160423.png,pool,1.0
155498.png,no_pool,0.7526
178244.png,no_pool,0.9152
154976.png,no_pool,0.9994
181187.png,pool,0.7956
161073.png,no_pool,0.9971
149927.png,no_pool,0.9903
177611.png,no_pool,0.9636
161067.png,pool,0.9985
177605.png,no_pool,0.9998
149933.png,no_pool,0.9257
180266.png,no_pool,1.0
154751.png,no_pool,1.0
181178.png,pool,0.8757
154037.png,no_pool,0.958
154023.png,no_pool,1.0
154745.png,pool,0.8757
145890.png,no_pool,0.9971
178287.png,pool,0.5599
157264.png,no_pool,0.8733
433515.png,no_pool,1.0
150279.png,pool,0.7545
149728.png,no_pool,0.9999
157270.png,no_pool,0.9955
176731.png,pool,0.884
179402.png,no_pool,0.983
179364.png,no_pool,1.0
177349.png,no_pool,0.9726
155856.png,no_pool,0.7622
179370.png,no_pool,0.9956
176725.png,pool,0.7691
159936.png,no_pool,1.0
179358.png,no_pool,0.992
177375.png,no_pool,0.9802
178052.png,no_pool,0.9811
159922.png,no_pool,1.0
177407.png,no_pool,0.9993
176719.png,pool,0.7432
158369.png,pool,0.9998
150735.png,no_pool,0.9822
146157.png,no_pool,0.8765
146143.png,no_pool,0.8188
160184.png,no_pool,1.0
176916.png,pool,0.686
178085.png,pool,0.9997
181352.png,pool,0.8092
178091.png,no_pool,0.6799
146619.png,pool,0.9991
154382.png,no_pool,0.9766
146786.png,no_pool,0.8611
152081.png,no_pool,1.0
177229.png,no_pool,0.8551
146792.png,no_pool,0.9999
154396.png,no_pool,0.9302
178132.png,no_pool,0.9496
150866.png,no_pool,0.9457
160769.png,pool,0.6079
150872.png,no_pool,0.916
178640.png,no_pool,1.0
146976.png,pool,0.7585
177598.png,no_pool,0.7974
150127.png,no_pool,0.9775
178873.png,no_pool,0.7044
146745.png,no_pool,0.9982
150899.png,no_pool,0.9974
146023.png,pool,0.9999
150641.png,no_pool,1.0
160782.png,pool,0.9719
146037.png,pool,0.9916
180104.png,no_pool,0.6901
150133.png,no_pool,0.9681
178867.png,no_pool,0.9797
176692.png,no_pool,0.6996
157674.png,pool,0.8238
178697.png,no_pool,0.7783
176862.png,no_pool,0.6698
146779.png,no_pool,0.8791
153374.png,no_pool,0.9996
157660.png,pool,1.0
176876.png,no_pool,0.982
160543.png,pool,0.6006
177759.png,no_pool,0.5758
177981.png,no_pool,0.9913
179006.png,no_pool,0.9234
150494.png,no_pool,0.9056
177003.png,no_pool,0.8088
181795.png,pool,1.0
177765.png,pool,0.9976
149853.png,no_pool,0.5935
178456.png,pool,0.7929
179748.png,pool,0.8122
149847.png,no_pool,0.8919
181781.png,pool,0.8891
177017.png,no_pool,0.6826
154625.png,no_pool,0.6022
180474.png,no_pool,0.542
154143.png,no_pool,1.0
182263.png,no_pool,0.6134
154157.png,no_pool,0.996
154631.png,no_pool,0.988
155507.png,pool,0.9998
151007.png,pool,0.6225
149890.png,no_pool,0.9408
149884.png,no_pool,0.9865
158751.png,pool,0.9999
178481.png,no_pool,0.9836
158037.png,no_pool,0.6875
147117.png,no_pool,0.8828
155513.png,no_pool,0.9892
178480.png,no_pool,0.9275
158750.png,no_pool,0.9632
149885.png,no_pool,0.9949
179946.png,pool,0.9846
155512.png,no_pool,0.8911
159328.png,pool,1.0
147116.png,no_pool,1.0
158036.png,no_pool,0.6096
155506.png,pool,0.9989
149891.png,no_pool,0.9626
151006.png,pool,0.716
154156.png,no_pool,0.9965
154630.png,no_pool,0.9944
154624.png,pool,0.8992
154142.png,no_pool,0.9973
180475.png,pool,0.983
149846.png,no_pool,0.952
177016.png,no_pool,0.9999
309564.png,no_pool,0.9801
179749.png,no_pool,0.9999
178457.png,pool,0.7699
149852.png,no_pool,0.999
177764.png,no_pool,0.5782
181794.png,no_pool,0.9827
150495.png,no_pool,0.9275
177980.png,pool,0.9992
177758.png,pool,0.9305
176877.png,no_pool,1.0
157661.png,pool,1.0
146778.png,pool,1.0
176863.png,no_pool,0.7701
178696.png,no_pool,0.8363
157675.png,no_pool,0.6002
150654.png,no_pool,0.9279
176693.png,pool,0.8803
178866.png,pool,0.9894
150132.png,pool,0.6981
146744.png,no_pool,0.9304
178872.png,pool,0.9624
177599.png,no_pool,0.8617
160783.png,pool,0.5343
146022.png,pool,0.9879
150898.png,no_pool,0.9744
155738.png,pool,0.7555
150873.png,no_pool,0.7643
179239.png,no_pool,0.9065
146977.png,pool,1.0
178641.png,no_pool,0.9978
150867.png,pool,0.9941
178133.png,pool,0.6362
177228.png,pool,0.8048
155937.png,no_pool,0.877
152080.png,no_pool,1.0
154397.png,no_pool,0.983
176888.png,no_pool,0.6754
160032.png,no_pool,0.9787
146793.png,no_pool,0.9991
176644.png,pool,0.9987
146787.png,no_pool,0.8795
154383.png,no_pool,0.718
179211.png,pool,0.9997
178090.png,no_pool,0.8185
181353.png,pool,0.6899
176903.png,no_pool,0.8169
146618.png,no_pool,0.865
176917.png,no_pool,0.8407
178084.png,pool,0.5939
146624.png,no_pool,0.9965
146156.png,pool,0.9998
150734.png,no_pool,0.9872
158368.png,pool,1.0
177360.png,no_pool,0.8794
176718.png,pool,0.9797
177406.png,no_pool,0.9994
177412.png,no_pool,0.7713
177374.png,no_pool,0.9856
179359.png,pool,1.0
179371.png,no_pool,1.0
176724.png,pool,0.9932
176730.png,no_pool,0.6975
155857.png,pool,0.9914
177348.png,pool,0.9946
179365.png,no_pool,0.9998
150278.png,no_pool,0.844
152309.png,no_pool,0.9932
157271.png,no_pool,0.8714
157265.png,pool,0.6801
178286.png,pool,0.6803
158156.png,pool,0.7729
433514.png,no_pool,1.0
154022.png,no_pool,0.9999
145891.png,no_pool,0.9997
154744.png,pool,0.5165
181179.png,pool,0.5202
154750.png,no_pool,1.0
177189.png,no_pool,0.9995
150536.png,no_pool,0.9936
177837.png,no_pool,0.6681
154036.png,no_pool,0.9962
149932.png,no_pool,0.9582
177604.png,pool,1.0
177162.png,no_pool,0.9233
181186.png,pool,0.9428
154977.png,no_pool,0.9999
177610.png,no_pool,0.9627
149926.png,no_pool,0.9801
150287.png,no_pool,0.9994
179615.png,no_pool,1.0
155499.png,no_pool,0.9917
160422.png,pool,0.7327
146397.png,pool,0.8737
179167.png,no_pool,0.8576
179601.png,no_pool,1.0
160420.png,pool,0.9997
179617.png,no_pool,1.0
178509.png,no_pool,0.787
149918.png,no_pool,1.0
153798.png,no_pool,0.9872
177148.png,pool,0.9944
179165.png,pool,0.9932
146395.png,pool,0.9938
178253.png,pool,0.5063
177160.png,pool,0.5286
177606.png,pool,0.9836
149930.png,no_pool,0.8357
149924.png,no_pool,0.9986
177612.png,no_pool,0.9596
178247.png,no_pool,1.0
160408.png,no_pool,0.9901
179159.png,pool,0.957
154975.png,no_pool,0.9931
181184.png,pool,0.9366
154746.png,no_pool,0.9686
145893.png,pool,0.5821
146424.png,no_pool,0.9409
154034.png,no_pool,0.9891
180503.png,pool,0.5782
149703.png,no_pool,1.0
150534.png,no_pool,0.9842
157273.png,pool,0.782
178290.png,no_pool,0.9368
146418.png,pool,0.9999
433516.png,no_pool,1.0
178284.png,pool,0.9289
157267.png,no_pool,0.8705
158154.png,pool,0.9991
176726.png,no_pool,0.9086
179373.png,no_pool,1.0
179367.png,no_pool,0.9996
155855.png,pool,0.731
176732.png,pool,0.8701
159921.png,no_pool,0.9966
177404.png,pool,0.5366
160178.png,no_pool,0.9878
155869.png,pool,0.9994
180098.png,pool,0.8192
177376.png,no_pool,0.9601
177410.png,no_pool,0.6466
150736.png,no_pool,0.9942
146154.png,pool,0.9367
178904.png,no_pool,0.9854
176929.png,pool,0.8593
147504.png,no_pool,0.5767
181351.png,pool,0.8804
178092.png,pool,0.5401
178086.png,pool,0.9689
146168.png,no_pool,0.7041
178938.png,pool,0.9999
176915.png,pool,0.6602
146791.png,pool,0.9974
176652.png,no_pool,0.8566
154395.png,no_pool,0.9987
178119.png,no_pool,0.9499
179213.png,pool,0.9996
150859.png,no_pool,0.9674
207007.png,pool,0.7745
154381.png,no_pool,0.9577
146785.png,no_pool,0.9476
176646.png,pool,0.9174
150871.png,no_pool,0.9641
178131.png,no_pool,0.787
150865.png,no_pool,0.9221
179549.png,pool,0.9998
176849.png,pool,0.6077
150130.png,no_pool,0.9996
178864.png,no_pool,0.7828
176691.png,no_pool,0.8571
181219.png,pool,0.9988
146020.png,no_pool,0.9999
150642.png,no_pool,0.9921
160781.png,pool,1.0
178870.png,pool,0.7678
146746.png,no_pool,0.9999
157663.png,pool,1.0
176875.png,no_pool,0.9993
181225.png,pool,0.9992
157677.png,pool,0.8768
178694.png,no_pool,0.9291
176861.png,pool,0.8156
179005.png,no_pool,0.5374
150497.png,no_pool,0.9484
149878.png,no_pool,0.7163
177982.png,pool,0.7179
160540.png,no_pool,0.6763
150483.png,no_pool,0.8908
145918.png,pool,0.9999
179039.png,no_pool,0.9775
177014.png,no_pool,0.8964
177772.png,no_pool,0.9336
181782.png,pool,1.0
181796.png,no_pool,0.9996
178455.png,no_pool,1.0
177766.png,pool,0.9999
149850.png,no_pool,0.9998
177000.png,pool,1.0
154632.png,pool,0.8714
147128.png,no_pool,0.8855
154154.png,no_pool,0.9902
154140.png,no_pool,0.9949
146544.png,no_pool,0.8758
150440.png,no_pool,0.9916
154626.png,pool,0.9625
158034.png,no_pool,0.9969
147114.png,no_pool,0.9973
155510.png,no_pool,0.9157
180339.png,no_pool,0.9876
182248.png,pool,0.954
177969.png,no_pool,1.0
178482.png,no_pool,0.9938
149887.png,no_pool,0.9995
151004.png,no_pool,0.9862
149893.png,no_pool,0.9617
155504.png,pool,0.9698
149892.png,no_pool,0.9199
178497.png,no_pool,0.6511
151005.png,no_pool,0.9866
179789.png,pool,0.9459
155505.png,no_pool,0.9404
180338.png,no_pool,0.9963
155511.png,pool,0.5383
147115.png,no_pool,0.9735
158035.png,pool,0.9991
149886.png,no_pool,1.0
179945.png,pool,0.9968
177968.png,no_pool,0.9583
154141.png,no_pool,0.9919
180476.png,no_pool,0.9995
154627.png,no_pool,0.8758
147129.png,no_pool,0.9086
154633.png,no_pool,0.5976
154155.png,no_pool,0.9948
182275.png,pool,1.0
149689.png,no_pool,0.9996
149851.png,no_pool,0.9938
177767.png,no_pool,0.9684
178454.png,no_pool,0.9981
181797.png,pool,0.7057
177001.png,pool,0.706
177015.png,no_pool,0.9282
179038.png,pool,0.6306
145919.png,pool,0.9997
177773.png,pool,0.7352
177983.png,pool,0.5164
150482.png,no_pool,0.9097
160541.png,no_pool,0.9158
150496.png,no_pool,0.9468
149879.png,no_pool,0.8913
181230.png,pool,0.9993
176860.png,no_pool,0.8244
178695.png,no_pool,0.8333
157676.png,no_pool,0.5724
178859.png,pool,0.9964
176874.png,no_pool,0.9983
157662.png,pool,1.0
181224.png,no_pool,0.877
160780.png,pool,1.0
150643.png,no_pool,0.948
146021.png,no_pool,0.714
178871.png,no_pool,0.9613
176690.png,pool,0.6062
178865.png,pool,0.9715
146753.png,no_pool,0.9992
150131.png,no_pool,0.9949
150657.png,no_pool,0.9989
146035.png,pool,0.9982
178130.png,no_pool,0.9833
177203.png,pool,0.9986
179548.png,pool,0.9809
150870.png,pool,0.6744
150858.png,no_pool,0.8883
179212.png,pool,0.9714
176647.png,no_pool,0.8235
146784.png,no_pool,0.9976
154380.png,no_pool,0.9214
154394.png,no_pool,0.987
176653.png,pool,0.669
146790.png,no_pool,0.9693
178118.png,no_pool,0.9966
179399.png,pool,0.9962
146169.png,pool,0.8272
178087.png,no_pool,0.8975
176914.png,no_pool,0.5145
178939.png,no_pool,0.9318
178093.png,no_pool,0.6138
181350.png,pool,0.9999
146155.png,no_pool,0.9889
153558.png,no_pool,0.9975
146633.png,no_pool,0.975
180072.png,no_pool,0.9604
178044.png,pool,0.5902
158394.png,pool,0.6773
177377.png,no_pool,0.5399
150910.png,no_pool,0.9535
155868.png,no_pool,0.5303
177411.png,pool,0.8384
159934.png,no_pool,1.0
160179.png,no_pool,1.0
177405.png,no_pool,0.7651
159920.png,no_pool,0.9135
150904.png,pool,0.883
155854.png,no_pool,0.5507
179366.png,no_pool,1.0
176733.png,pool,0.861
176727.png,pool,0.5546
179414.png,no_pool,0.9309
179372.png,pool,0.9956
433517.png,no_pool,1.0
158633.png,no_pool,0.9982
158155.png,pool,0.9951
157266.png,no_pool,0.9846
180258.png,no_pool,0.9983
157272.png,pool,0.8527
146419.png,no_pool,0.9142
149702.png,no_pool,1.0
180502.png,no_pool,0.9994
154035.png,no_pool,0.9984
180264.png,no_pool,1.0
145892.png,pool,0.8515
180270.png,no_pool,0.9815
154747.png,no_pool,0.8732
154021.png,no_pool,0.9302
177613.png,no_pool,0.9997
149925.png,no_pool,0.9467
161071.png,no_pool,0.9964
181185.png,no_pool,0.5945
154974.png,no_pool,0.9653
160409.png,no_pool,0.994
177161.png,pool,0.9999
178252.png,pool,0.9757
149931.png,no_pool,0.8926
177607.png,no_pool,0.5294
161065.png,pool,1.0
149919.png,no_pool,1.0
146394.png,pool,0.7042
177149.png,pool,0.9997
179170.png,pool,1.0
160421.png,pool,1.0
178508.png,no_pool,0.6931
178235.png,no_pool,0.9999
179895.png,no_pool,0.9977
160308.png,no_pool,0.9998
178221.png,no_pool,0.9183
178209.png,pool,0.9812
158867.png,no_pool,0.9286
177884.png,no_pool,0.934
177890.png,pool,0.9598
177648.png,no_pool,0.7565
179103.png,no_pool,0.9337
147006.png,pool,0.9884
179856.png,no_pool,0.9752
151102.png,no_pool,0.968
155364.png,no_pool,0.9454
155370.png,no_pool,0.9966
150546.png,no_pool,0.9912
155358.png,pool,1.0
180571.png,no_pool,0.8203
159562.png,no_pool,0.9999
177847.png,pool,0.9966
182372.png,no_pool,0.9634
177853.png,no_pool,0.9995
150552.png,no_pool,1.0
178751.png,pool,0.5569
146867.png,no_pool,0.9996
177462.png,pool,0.9065
150977.png,no_pool,0.9509
146873.png,no_pool,0.9492
178745.png,pool,0.9531
158495.png,no_pool,0.9999
177476.png,no_pool,0.9999
154287.png,pool,1.0
176998.png,no_pool,0.9619
176740.png,no_pool,0.9999
179473.png,no_pool,1.0
177338.png,no_pool,0.7269
207101.png,no_pool,0.9946
152190.png,no_pool,0.9878
207115.png,no_pool,0.9254
152184.png,no_pool,1.0
160650.png,pool,0.6621
176754.png,no_pool,0.8811
154278.png,no_pool,0.8396
178792.png,no_pool,0.9922
157771.png,pool,1.0
176967.png,pool,0.5553
180029.png,no_pool,0.9856
155614.png,pool,0.9551
146668.png,no_pool,0.8031
151314.png,no_pool,0.9992
179498.png,no_pool,1.0
178786.png,no_pool,1.0
176973.png,no_pool,0.5585
153503.png,pool,1.0
146640.png,no_pool,0.9995
176783.png,pool,0.8787
146898.png,no_pool,0.9995
150022.png,no_pool,0.9958
154522.png,no_pool,0.9186
147238.png,pool,0.7714
160687.png,no_pool,0.9969
160693.png,no_pool,1.0
150988.png,no_pool,1.0
155628.png,no_pool,0.9456
146654.png,no_pool,0.6048
178625.png,no_pool,0.999
177516.png,pool,0.9094
179249.png,no_pool,0.9817
178631.png,pool,0.9972
146907.png,no_pool,0.9381
176634.png,no_pool,0.9832
178619.png,pool,0.9691
179261.png,no_pool,0.9993
177258.png,no_pool,0.9981
176620.png,no_pool,0.9804
160042.png,no_pool,1.0
147370.png,no_pool,0.9384
180149.png,no_pool,0.9998
150156.png,no_pool,0.9987
178802.png,pool,0.9326
146734.png,no_pool,0.948
180161.png,pool,0.994
155748.png,pool,0.708
158278.png,pool,0.9267
150142.png,pool,0.9913
178341.png,no_pool,0.9996
154873.png,pool,0.7351
177714.png,no_pool,0.9964
180388.png,no_pool,0.9978
178355.png,no_pool,1.0
146293.png,pool,0.9992
160532.png,no_pool,0.8947
177728.png,pool,0.7554
181914.png,pool,0.9935
146287.png,no_pool,0.7794
160526.png,no_pool,0.9829
178369.png,pool,0.9589
151923.png,pool,0.9999
207263.png,pool,0.571
150368.png,no_pool,0.9954
147614.png,pool,0.7144
153675.png,no_pool,0.9928
178396.png,pool,1.0
146278.png,no_pool,0.9564
150432.png,no_pool,0.9974
180363.png,no_pool,1.0
147628.png,no_pool,0.999
150354.png,no_pool,0.94
146522.png,pool,0.9943
160283.png,no_pool,1.0
180377.png,no_pool,0.9969
154640.png,no_pool,0.8593
150426.png,no_pool,0.9934
177099.png,no_pool,1.0
160282.png,no_pool,1.0
146523.png,pool,0.7982
177098.png,no_pool,1.0
154641.png,pool,0.6469
180362.png,no_pool,0.8884
150355.png,no_pool,0.9926
160296.png,no_pool,1.0
146537.png,no_pool,1.0
158721.png,no_pool,1.0
153674.png,no_pool,1.0
146279.png,no_pool,0.6399
178397.png,pool,0.8405
147615.png,pool,1.0
150382.png,no_pool,0.9911
181915.png,no_pool,0.9804
151922.png,pool,0.8663
160527.png,no_pool,0.7613
178368.png,pool,0.7369
146286.png,pool,0.7088
160533.png,no_pool,0.9944
146292.png,pool,0.524
177729.png,no_pool,0.9196
178354.png,no_pool,0.6297
180389.png,no_pool,0.9997
154872.png,no_pool,0.994
178340.png,no_pool,1.0
177715.png,no_pool,0.7264
158279.png,pool,0.9829
146047.png,pool,0.8629
150143.png,pool,0.9996
146735.png,pool,0.5753
178803.png,pool,0.9538
150157.png,no_pool,0.9991
150631.png,no_pool,0.9988
155749.png,pool,0.5429
180160.png,pool,0.9719
180148.png,pool,0.8899
181242.png,no_pool,0.7828
147371.png,no_pool,0.7571
177259.png,no_pool,0.8427
176621.png,pool,0.9799
178618.png,no_pool,0.9443
179248.png,no_pool,0.9677
146906.png,no_pool,0.6586
178630.png,pool,0.5489
177517.png,no_pool,0.998
178624.png,no_pool,0.9591
177271.png,no_pool,0.794
155629.png,no_pool,0.7521
150989.png,no_pool,0.9875
150037.png,no_pool,0.987
177488.png,no_pool,0.9822
176796.png,no_pool,0.9194
146655.png,pool,0.5091
151329.png,pool,1.0
150023.png,no_pool,0.82
146899.png,no_pool,0.9996
146641.png,no_pool,1.0
147239.png,pool,0.8343
180014.png,no_pool,0.9372
155615.png,pool,0.5982
176972.png,no_pool,0.5271
151315.png,no_pool,0.9351
146669.png,no_pool,0.7042
176966.png,pool,0.8813
154279.png,no_pool,0.5796
180028.png,pool,0.7854
150779.png,no_pool,0.9188
160651.png,no_pool,0.9647
179300.png,no_pool,0.9422
176755.png,pool,0.6988
176741.png,no_pool,1.0
176999.png,pool,0.9831
154286.png,pool,0.9996
207100.png,no_pool,0.9961
177339.png,pool,0.9968
150786.png,pool,0.6652
150976.png,no_pool,0.9472
177477.png,no_pool,0.862
158494.png,no_pool,1.0
178744.png,no_pool,0.8948
146872.png,no_pool,0.9268
177463.png,pool,0.5022
146866.png,no_pool,0.8158
178750.png,pool,0.9734
177852.png,no_pool,0.5186
182373.png,no_pool,0.7843
180216.png,pool,0.6972
177846.png,pool,1.0
159563.png,no_pool,0.8046
180570.png,no_pool,0.9994
155359.png,pool,1.0
151117.png,pool,1.0
147007.png,no_pool,1.0
151103.png,no_pool,0.9871
179857.png,no_pool,0.9976
177649.png,pool,0.7508
158872.png,no_pool,0.9908
177891.png,pool,0.9999
178208.png,pool,1.0
177885.png,pool,0.9905
158866.png,no_pool,0.8392
179658.png,no_pool,0.8401
178220.png,no_pool,0.5988
178234.png,no_pool,1.0
177107.png,pool,0.9889
179894.png,no_pool,0.9955
178222.png,no_pool,0.7804
178544.png,no_pool,0.8994
153919.png,no_pool,0.9514
158858.png,no_pool,0.7207
179896.png,no_pool,0.9981
178236.png,no_pool,1.0
177105.png,pool,0.9653
179100.png,no_pool,0.9911
161029.png,no_pool,0.9828
177893.png,pool,0.9967
158870.png,no_pool,0.9963
158864.png,no_pool,0.8742
177887.png,no_pool,1.0
177139.png,pool,0.6444
177878.png,no_pool,0.5558
151101.png,no_pool,0.9954
180228.png,pool,0.6757
147005.png,no_pool,0.7693
157558.png,pool,0.9994
151129.png,no_pool,0.9999
177850.png,pool,0.9998
179869.png,no_pool,0.998
177844.png,pool,0.9888
180214.png,no_pool,0.7068
206552.png,pool,0.6918
158496.png,no_pool,0.9953
177475.png,no_pool,0.6549
146870.png,no_pool,0.9088
178746.png,pool,0.5088
150974.png,no_pool,0.9563
178020.png,no_pool,0.5107
178034.png,pool,0.888
177461.png,pool,0.9989
178752.png,pool,0.7168
146864.png,pool,0.9869
157799.png,pool,0.9945
176757.png,no_pool,0.9965
207116.png,no_pool,0.948
208225.png,pool,0.7108
179316.png,no_pool,1.0
150784.png,no_pool,0.9287
160647.png,no_pool,0.9954
207102.png,no_pool,0.8839
152193.png,no_pool,0.983
154284.png,pool,0.5511
146858.png,no_pool,0.5607
179470.png,no_pool,1.0
176743.png,no_pool,0.9558
151317.png,no_pool,0.8952
150009.png,no_pool,0.6843
176970.png,no_pool,0.7613
153500.png,pool,1.0
155617.png,no_pool,0.7905
154509.png,no_pool,0.9939
157772.png,pool,1.0
176964.png,pool,0.9397
146657.png,no_pool,0.8757
150753.png,no_pool,0.9984
160690.png,no_pool,0.9993
151459.png,no_pool,0.9006
146643.png,no_pool,0.9948
176958.png,no_pool,0.5207
150021.png,pool,0.9991
178632.png,no_pool,0.6258
146904.png,no_pool,0.71
177273.png,no_pool,0.8083
178140.png,pool,0.9115
177515.png,pool,0.9951
178626.png,no_pool,0.6061
179510.png,pool,0.5154
176623.png,no_pool,0.8146
179262.png,no_pool,0.999
151263.png,no_pool,0.9983
181532.png,pool,0.53
181526.png,pool,0.8946
176838.png,pool,0.9975
150141.png,no_pool,0.7834
178815.png,no_pool,0.9997
180162.png,no_pool,1.0
158509.png,pool,0.951
178801.png,no_pool,0.9046
178356.png,pool,0.9997
177717.png,no_pool,0.9943
154870.png,no_pool,0.9997
146284.png,pool,0.9395
160525.png,no_pool,0.9829
150380.png,no_pool,0.9602
178418.png,pool,0.9867
150394.png,no_pool,0.8627
179060.png,no_pool,0.7179
146290.png,pool,0.6867
160531.png,pool,0.8402
178395.png,pool,0.9998
156068.png,no_pool,1.0
180348.png,no_pool,0.9977
153676.png,no_pool,0.9737
181730.png,pool,0.886
158723.png,no_pool,1.0
146521.png,no_pool,0.9758
160280.png,no_pool,1.0
146535.png,no_pool,0.86
180360.png,pool,0.7003
150356.png,no_pool,0.9984
160295.png,no_pool,1.0
146534.png,no_pool,0.8103
180361.png,pool,0.9983
150430.png,pool,0.5024
150424.png,no_pool,0.9925
154642.png,no_pool,0.9721
153893.png,no_pool,0.9405
160281.png,no_pool,1.0
146520.png,pool,0.9999
147616.png,pool,1.0
159428.png,no_pool,0.9965
178394.png,pool,0.9836
150418.png,no_pool,0.979
158722.png,no_pool,1.0
153677.png,no_pool,0.9863
160530.png,no_pool,0.9733
146291.png,no_pool,0.5541
179061.png,no_pool,0.9495
160524.png,no_pool,0.9361
146285.png,no_pool,0.6004
181916.png,no_pool,0.7292
177716.png,no_pool,0.9835
154871.png,pool,1.0
178343.png,no_pool,1.0
178357.png,pool,0.9855
150632.png,no_pool,0.9202
180163.png,no_pool,0.9683
146736.png,pool,0.8903
178800.png,no_pool,0.7053
158508.png,pool,0.9119
176839.png,pool,0.7725
150140.png,pool,0.9596
146044.png,no_pool,1.0
147372.png,no_pool,0.9024
179263.png,no_pool,0.9993
160054.png,pool,0.9715
160040.png,no_pool,1.0
176622.png,no_pool,0.5646
179511.png,no_pool,1.0
178141.png,no_pool,0.7509
177272.png,no_pool,0.9754
178627.png,pool,0.9728
177514.png,pool,0.6007
146905.png,no_pool,0.8355
177500.png,no_pool,0.5635
177266.png,pool,0.9993
151458.png,no_pool,0.8789
154520.png,no_pool,0.9919
176959.png,pool,0.5333
150020.png,pool,0.9998
176795.png,no_pool,0.9937
146656.png,pool,0.9019
160691.png,no_pool,0.9997
176965.png,pool,0.5072
157773.png,pool,0.8606
153501.png,pool,0.851
150008.png,no_pool,0.7207
176971.png,no_pool,0.7619
151316.png,no_pool,0.9953
154508.png,no_pool,0.961
155616.png,no_pool,0.9833
152179.png,no_pool,0.9998
152192.png,no_pool,0.9187
160646.png,no_pool,0.9825
150785.png,pool,0.9024
176742.png,pool,0.9872
146859.png,pool,0.7308
154285.png,no_pool,0.9019
208542.png,pool,0.8583
176756.png,no_pool,1.0
157798.png,pool,0.9993
160652.png,no_pool,0.9992
207117.png,pool,0.9646
178035.png,pool,0.7288
146865.png,no_pool,0.5781
178753.png,pool,0.71
179459.png,pool,0.9867
178747.png,pool,0.9786
146871.png,no_pool,0.7111
177474.png,pool,0.9293
158497.png,no_pool,0.9986
178021.png,no_pool,0.9991
150975.png,no_pool,0.9197
177845.png,pool,0.9996
179868.png,no_pool,0.9995
180215.png,pool,0.9998
150544.png,no_pool,1.0
150550.png,no_pool,1.0
402793.png,no_pool,0.5642
151128.png,no_pool,0.9392
177851.png,pool,1.0
157559.png,no_pool,0.8755
177879.png,no_pool,0.8137
151100.png,no_pool,0.9883
147004.png,no_pool,0.9792
180229.png,pool,0.9631
177886.png,no_pool,0.9574
158865.png,no_pool,0.8561
179115.png,pool,0.9607
177138.png,pool,0.6288
179101.png,no_pool,0.8956
177892.png,pool,0.6085
161028.png,no_pool,0.5416
178551.png,no_pool,0.518
179897.png,no_pool,0.9949
158859.png,no_pool,0.914
177104.png,no_pool,0.9857
178237.png,no_pool,0.9992
178223.png,no_pool,0.9154
153918.png,no_pool,0.9974
153920.png,no_pool,0.7467
179663.png,no_pool,0.9071
177128.png,pool,0.9199
179105.png,no_pool,0.9336
158861.png,pool,0.5292
177882.png,no_pool,0.6904
158849.png,no_pool,0.9656
178227.png,no_pool,0.6913
177114.png,no_pool,1.0
178233.png,pool,0.9792
177100.png,pool,0.9401
180588.png,no_pool,1.0
179893.png,no_pool,0.9425
177855.png,pool,0.868
150554.png,no_pool,0.9992
150540.png,no_pool,0.8932
180211.png,pool,0.7005
154040.png,pool,1.0
157549.png,no_pool,0.9994
151138.png,no_pool,1.0
177841.png,pool,0.9975
159564.png,no_pool,0.9984
157561.png,pool,0.9636
180239.png,pool,0.8953
147000.png,pool,0.935
151104.png,no_pool,0.9892
155362.png,no_pool,0.9841
152182.png,no_pool,1.0
160656.png,no_pool,0.9144
178019.png,no_pool,1.0
176752.png,no_pool,0.7757
154281.png,no_pool,0.744
157788.png,pool,0.9854
177458.png,no_pool,1.0
179475.png,no_pool,0.6767
176746.png,pool,0.8115
150781.png,no_pool,0.9889
207107.png,no_pool,0.9509
177470.png,pool,0.5476
146875.png,pool,0.9776
178743.png,no_pool,0.9424
177464.png,pool,0.6265
146861.png,pool,0.9458
150756.png,no_pool,0.9551
151448.png,no_pool,0.9993
153539.png,no_pool,0.9994
146652.png,pool,0.8304
150030.png,no_pool,0.9993
146646.png,no_pool,0.8807
178970.png,no_pool,0.8811
150024.png,pool,0.5682
154524.png,no_pool,0.9908
176975.png,pool,0.998
150018.png,pool,1.0
176961.png,pool,0.6005
157777.png,pool,0.9941
151460.png,no_pool,0.585
154518.png,no_pool,0.9977
155941.png,pool,0.999
179273.png,no_pool,1.0
179515.png,no_pool,0.9998
160044.png,no_pool,1.0
177538.png,no_pool,0.9704
176632.png,pool,0.6299
160050.png,no_pool,0.9994
179267.png,no_pool,0.9684
177262.png,no_pool,0.8764
178151.png,pool,0.7047
146901.png,no_pool,0.8531
177510.png,no_pool,0.9899
177276.png,pool,0.8171
146040.png,no_pool,1.0
150144.png,pool,0.892
178810.png,no_pool,0.6857
176829.png,no_pool,0.5308
150150.png,no_pool,1.0
178804.png,no_pool,0.9977
146732.png,no_pool,1.0
180167.png,no_pool,0.8808
151266.png,no_pool,0.9253
151272.png,pool,0.9828
160911.png,pool,1.0
158256.png,no_pool,1.0
425710.png,no_pool,0.9981
181245.png,no_pool,0.8562
150385.png,pool,0.9828
178409.png,no_pool,0.6317
146281.png,no_pool,0.7317
151925.png,no_pool,0.9985
145788.png,pool,0.5696
146295.png,pool,0.6285
160534.png,no_pool,0.992
150391.png,no_pool,0.9582
177706.png,pool,0.9797
178353.png,no_pool,0.9961
151919.png,pool,0.9603
179059.png,no_pool,0.9642
178347.png,no_pool,1.0
177074.png,no_pool,0.9994
178421.png,no_pool,0.9925
177712.png,no_pool,0.9038
146524.png,pool,0.6375
160285.png,no_pool,1.0
153897.png,pool,0.9999
150420.png,no_pool,0.992
150434.png,no_pool,0.9986
180365.png,no_pool,1.0
154134.png,no_pool,0.9901
299854.png,no_pool,0.8051
146530.png,no_pool,0.7839
160291.png,no_pool,0.9993
153673.png,no_pool,0.9261
146518.png,no_pool,0.7955
179930.png,no_pool,1.0
158726.png,no_pool,0.9995
178390.png,pool,0.9435
180359.png,pool,0.8143
150408.png,no_pool,0.9996
177909.png,pool,0.6448
147613.png,no_pool,0.8004
158727.png,no_pool,0.9998
179931.png,no_pool,0.9992
147607.png,pool,0.8256
146519.png,pool,0.9996
153672.png,no_pool,0.9997
178391.png,no_pool,0.5566
180364.png,no_pool,1.0
160290.png,no_pool,1.0
150353.png,no_pool,0.9431
146531.png,pool,0.6136
154135.png,no_pool,0.6878
153896.png,pool,0.999
160284.png,no_pool,1.0
146525.png,pool,0.9957
154647.png,no_pool,0.785
154874.png,no_pool,0.9986
177075.png,no_pool,0.9764
178346.png,no_pool,0.8484
179058.png,no_pool,0.963
177713.png,pool,0.5062
178420.png,pool,0.9787
177707.png,pool,0.5784
151918.png,no_pool,0.9913
178352.png,pool,0.8947
160535.png,no_pool,0.999
146294.png,pool,0.5718
150390.png,pool,0.9641
423837.png,no_pool,1.0
145789.png,no_pool,0.8498
151924.png,pool,0.9996
146280.png,no_pool,0.6653
151273.png,pool,0.9199
176814.png,pool,0.9997
181244.png,no_pool,0.934
158257.png,no_pool,0.9949
207099.png,no_pool,0.994
151267.png,pool,0.8595
150179.png,no_pool,0.7886
146733.png,no_pool,1.0
176828.png,no_pool,0.9488
150151.png,no_pool,0.9996
150637.png,no_pool,0.8979
180166.png,no_pool,0.9864
160938.png,no_pool,0.9499
146041.png,pool,0.9891
178811.png,no_pool,1.0
150145.png,no_pool,0.746
178622.png,no_pool,0.9985
177511.png,pool,0.7139
177277.png,no_pool,0.5611
177263.png,no_pool,0.5316
146900.png,no_pool,0.9911
178636.png,no_pool,0.5491
177505.png,pool,0.8668
176633.png,no_pool,0.6477
179500.png,no_pool,1.0
179266.png,no_pool,0.9847
179272.png,no_pool,0.9982
155940.png,pool,1.0
177539.png,no_pool,0.5316
176627.png,pool,0.9942
157776.png,pool,0.9999
178795.png,no_pool,0.956
150019.png,pool,0.9999
176960.png,pool,0.5175
151461.png,no_pool,0.5022
155613.png,no_pool,0.8529
176974.png,pool,0.9228
150025.png,no_pool,0.9757
178971.png,no_pool,0.9999
146647.png,pool,0.9935
176784.png,no_pool,0.9981
151449.png,no_pool,0.9835
150757.png,pool,0.9167
150031.png,no_pool,1.0
146653.png,no_pool,0.846
179448.png,no_pool,0.91
146860.png,pool,0.6112
177465.png,no_pool,0.6215
178742.png,no_pool,0.9984
146874.png,no_pool,1.0
177471.png,pool,1.0
179474.png,no_pool,0.7015
177459.png,pool,0.9777
157789.png,pool,0.9979
154280.png,no_pool,0.6323
150780.png,no_pool,0.9995
179312.png,pool,1.0
160657.png,no_pool,0.9994
176753.png,no_pool,0.9009
147001.png,pool,0.6605
151663.png,no_pool,0.9781
155363.png,no_pool,0.9574
151105.png,no_pool,1.0
177868.png,no_pool,0.5729
157560.png,no_pool,0.6081
180238.png,no_pool,0.5845
180210.png,no_pool,0.5749
159565.png,no_pool,1.0
151139.png,no_pool,0.7552
177840.png,pool,0.9941
157548.png,no_pool,0.9922
154041.png,pool,0.9999
177854.png,no_pool,0.9962
177101.png,no_pool,0.9983
178232.png,pool,0.9998
149789.png,no_pool,0.9403
158848.png,no_pool,0.9828
177115.png,no_pool,1.0
178226.png,pool,0.9525
177883.png,no_pool,0.7256
158860.png,no_pool,0.8595
179662.png,no_pool,0.9258
158874.png,no_pool,0.9989
153921.png,pool,0.7765
179104.png,no_pool,0.9115
177129.png,pool,0.9872
158862.png,pool,0.9758
177881.png,no_pool,0.7949
178218.png,no_pool,0.571
158876.png,no_pool,0.5935
177103.png,no_pool,0.6733
178230.png,pool,0.964
178224.png,no_pool,0.9118
152432.png,no_pool,0.9787
154043.png,no_pool,1.0
180574.png,no_pool,0.948
177842.png,pool,0.9138
180212.png,no_pool,0.9865
177856.png,no_pool,0.6806
149990.png,no_pool,0.9653
149748.png,no_pool,0.9982
155361.png,pool,0.9996
433561.png,no_pool,1.0
147003.png,pool,0.9192
150782.png,no_pool,1.0
154282.png,no_pool,0.7071
176745.png,no_pool,1.0
179476.png,pool,0.9415
176989.png,no_pool,0.9723
207110.png,no_pool,0.987
152181.png,no_pool,1.0
160655.png,no_pool,0.9912
178032.png,no_pool,0.6232
178754.png,pool,0.9875
146862.png,pool,0.9993
177467.png,pool,0.9895
176779.png,pool,0.7519
146876.png,no_pool,0.9899
178740.png,pool,0.5599
177473.png,no_pool,0.7479
160669.png,pool,1.0
155639.png,no_pool,0.9705
146645.png,no_pool,0.986
150027.png,pool,0.514
177498.png,pool,0.967
146651.png,pool,0.6297
150033.png,no_pool,0.9961
146889.png,no_pool,0.9889
150755.png,no_pool,0.9894
151463.png,no_pool,0.9553
179489.png,pool,0.9994
176962.png,pool,0.6684
157774.png,pool,0.9663
176976.png,pool,0.9957
154269.png,no_pool,0.5328
180038.png,no_pool,0.9999
150769.png,no_pool,0.9822
151477.png,no_pool,0.999
177249.png,pool,0.9625
179264.png,no_pool,0.9997
176631.png,pool,0.5062
150184.png,no_pool,1.0
155942.png,pool,0.9987
179270.png,no_pool,0.9985
177275.png,no_pool,0.961
179258.png,no_pool,0.9984
178620.png,no_pool,0.8898
177513.png,pool,0.9997
176619.png,no_pool,0.9792
178634.png,no_pool,0.9786
146902.png,no_pool,0.9989
177507.png,pool,0.8315
177261.png,pool,0.9854
158269.png,no_pool,0.9253
178807.png,no_pool,0.5339
146731.png,pool,0.7721
150147.png,no_pool,0.999
178813.png,no_pool,1.0
146043.png,no_pool,0.9994
158255.png,no_pool,0.9994
180158.png,pool,0.8196
181246.png,no_pool,0.9749
176816.png,no_pool,0.9796
151271.png,no_pool,0.9964
182029.png,no_pool,0.7944
181534.png,no_pool,0.9958
425707.png,no_pool,0.9999
146296.png,pool,0.9935
160537.png,no_pool,0.8659
178378.png,pool,0.8977
146282.png,no_pool,0.5518
160523.png,no_pool,0.9064
150386.png,no_pool,0.999
177739.png,pool,1.0
151098.png,no_pool,0.9273
177711.png,pool,0.6971
178422.png,pool,0.9995
177077.png,no_pool,0.9365
178344.png,no_pool,0.9995
178350.png,pool,0.8512
160279.png,no_pool,0.9994
154137.png,no_pool,0.9929
146533.png,no_pool,0.8663
160292.png,no_pool,0.9993
177088.png,pool,0.555
154645.png,no_pool,0.9877
146527.png,pool,0.7455
160286.png,no_pool,0.9999
153894.png,no_pool,0.9828
147611.png,pool,0.8836
178387.png,pool,0.9253
179099.png,no_pool,0.9805
178393.png,no_pool,0.5541
153670.png,no_pool,1.0
150379.png,no_pool,0.9945
158725.png,no_pool,0.9929
178392.png,pool,0.7774
158724.png,no_pool,1.0
179932.png,pool,0.9932
150378.png,no_pool,0.9658
153671.png,no_pool,1.0
158730.png,no_pool,1.0
147610.png,pool,0.8588
146268.png,pool,0.8397
178386.png,no_pool,0.94
150422.png,no_pool,0.9835
154644.png,no_pool,0.8993
153895.png,pool,0.9604
160287.png,no_pool,0.986
146526.png,pool,0.8206
146532.png,pool,0.8923
154136.png,no_pool,0.9901
180367.png,no_pool,1.0
150436.png,no_pool,0.9968
177089.png,pool,0.5729
178351.png,pool,0.804
178423.png,pool,0.9999
177710.png,pool,0.523
178345.png,no_pool,1.0
177076.png,no_pool,0.9667
160522.png,no_pool,0.9973
146283.png,no_pool,0.9977
151099.png,no_pool,0.9869
177738.png,pool,1.0
150393.png,no_pool,0.9993
160536.png,no_pool,0.9969
146297.png,no_pool,0.5775
181247.png,no_pool,0.8905
180159.png,pool,0.9884
182028.png,pool,0.8536
151270.png,pool,0.9976
176817.png,no_pool,0.8386
178812.png,no_pool,0.9328
150146.png,pool,0.7106
180171.png,no_pool,0.9167
146042.png,pool,0.9998
158268.png,no_pool,0.6358
180165.png,no_pool,0.9014
178806.png,no_pool,1.0
146903.png,pool,0.9975
178635.png,pool,0.6658
176618.png,pool,0.9646
177260.png,pool,0.8881
179259.png,no_pool,0.9976
177274.png,pool,0.9994
177512.png,pool,0.7456
150185.png,no_pool,0.814
160046.png,no_pool,0.9999
176624.png,pool,0.5447
179271.png,no_pool,0.9995
155943.png,pool,0.8036
179265.png,no_pool,0.9971
177248.png,pool,0.9988
160052.png,no_pool,1.0
176630.png,no_pool,0.9932
207688.png,no_pool,0.8829
154268.png,pool,0.6899
176977.png,pool,0.981
150768.png,no_pool,0.9937
180039.png,no_pool,0.8422
151462.png,no_pool,0.8823
157775.png,pool,0.99
176963.png,pool,0.6232
179488.png,pool,0.9856
146888.png,no_pool,0.9377
150032.png,no_pool,0.9626
146650.png,pool,1.0
150754.png,no_pool,0.9776
154526.png,pool,0.8488
155638.png,no_pool,0.9923
177499.png,no_pool,0.7855
150026.png,no_pool,0.9762
146644.png,pool,0.5263
151338.png,no_pool,0.6739
178999.png,no_pool,0.9362
177472.png,pool,0.9998
178741.png,pool,0.8039
146877.png,no_pool,0.9997
160668.png,pool,0.9868
150973.png,no_pool,0.9664
176778.png,pool,0.9992
177466.png,pool,0.9981
146863.png,pool,1.0
176750.png,no_pool,0.9751
176988.png,no_pool,0.9915
160654.png,no_pool,1.0
177328.png,no_pool,0.9999
152194.png,no_pool,1.0
150783.png,no_pool,0.9998
179477.png,pool,1.0
176744.png,no_pool,0.5385
154283.png,no_pool,0.8787
155360.png,pool,0.9998
149749.png,pool,0.9999
151106.png,no_pool,1.0
147002.png,no_pool,0.7668
150556.png,no_pool,0.9968
180207.png,no_pool,0.9884
182376.png,no_pool,0.7512
177857.png,no_pool,0.9701
159566.png,no_pool,0.9996
177843.png,no_pool,0.7305
180575.png,no_pool,0.9978
154042.png,pool,0.9999
180213.png,no_pool,0.9072
150542.png,no_pool,1.0
451332.png,no_pool,1.0
178225.png,pool,0.6973
178231.png,no_pool,0.7891
177102.png,no_pool,1.0
178219.png,pool,0.6139
158877.png,no_pool,0.7354
177894.png,no_pool,0.9947
177658.png,no_pool,0.9375
177880.png,pool,0.9969
158863.png,pool,0.8596
